customer_id,first_name,last_name,email,phone,registration_date,customer_segment,marketing_consent
CUST1001,Anna,Jones,annaj@example.com,-8451,00:51.4,Premium,FALSE
CUST1002,William,Garcia,williamg@example.com,-5124,00:51.4,Basic,FALSE
CUST1003,Robert,Smith,roberts@example.com,-7261,00:51.4,Premium,TRUE
CUST1004,Sarah,Miller,sarahm@example.com,-2526,00:51.4,Standard,FALSE
CUST1005,Robert,Brown,robertb@example.com,-7973,00:51.4,Premium,TRUE
CUST1006,William,Miller,williamm@example.com,-4567,00:51.4,Standard,FALSE
CUST1007,John,Davis,johnd@example.com,-6272,00:51.4,Basic,FALSE
CUST1008,Linda,Rodriguez,lindar@example.com,-7522,00:51.4,Standard,TRUE
CUST1009,Richard,Rodriguez,richardr@example.com,-6947,00:51.4,Basic,TRUE
CUST1010,John,Smith,johns@example.com,-5982,00:51.4,Standard,FALSE
CUST1011,Lisa,Garcia,lisag@example.com,-1905,00:51.4,Standard,TRUE
CUST1012,Jennifer,Smith,jennifers@example.com,-10152,00:51.4,Premium,FALSE
CUST1013,John,Lopez,johnl@example.com,-5143,00:51.4,Basic,FALSE
CUST1014,Robert,Jones,robertj@example.com,-2561,00:51.4,Premium,FALSE
CUST1015,Thomas,Gonzalez,thomasg@example.com,-5303,00:51.4,Standard,TRUE
CUST1016,Maria,Garcia,mariag@example.com,-5955,00:51.4,Standard,TRUE
CUST1017,William,Martinez,williamm@example.com,-9853,00:51.4,Standard,FALSE
CUST1018,James,Gonzalez,jamesg@example.com,-4361,00:51.4,Standard,TRUE
CUST1019,Robert,Brown,robertb@example.com,-9084,00:51.4,Basic,TRUE
CUST1020,Thomas,Lopez,thomasl@example.com,-6087,00:51.4,Standard,TRUE
CUST1021,Lisa,Martinez,lisam@example.com,-7122,00:51.4,Basic,FALSE
CUST1022,William,Lopez,williaml@example.com,-5276,00:51.4,Premium,TRUE
CUST1023,Emma,Garcia,emma.garcia@example.com,-6145,00:51.4,Premium,FALSE
CUST1024,Jennifer,Martinez,jenniferm@example.com,-2603,00:51.4,Standard,TRUE
CUST1025,Maria,Jones,mariaj@example.com,-3375,00:51.4,Premium,TRUE
CUST1026,Sarah,Garcia,sarahg@example.com,-5881,00:51.4,Basic,FALSE
CUST1027,Thomas,Jones,thomasj@example.com,-5978,00:51.4,Basic,TRUE
CUST1028,Lisa,Rodriguez,lisar@example.com,-3863,00:51.4,Standard,FALSE
CUST1029,David,Lopez,david.lopez@example.com,-8569,00:51.4,Premium,FALSE
CUST1030,Linda,Jones,lindaj@example.com,-5260,00:51.4,Basic,FALSE
CUST1031,Maria,Williams,mariaw@example.com,-6589,00:51.4,Basic,FALSE
CUST1032,John,Lopez,johnl@example.com,-4192,00:51.4,Basic,FALSE
CUST1033,John,Smith,johns@example.com,-7653,00:51.4,Premium,TRUE
CUST1034,Anna,Martinez,annam@example.com,-6157,00:51.4,Standard,FALSE
CUST1035,Richard,Williams,richardw@example.com,-10710,00:51.4,Standard,FALSE
CUST1036,Maria,Johnson,mariaj@example.com,-10147,00:51.4,Premium,TRUE
CUST1037,Richard,Davis,richardd@example.com,-11281,00:51.4,Basic,TRUE
CUST1038,Michael,Brown,michaelb@example.com,-5873,00:51.4,Premium,TRUE
CUST1039,Robert,Williams,robertw@example.com,-11321,00:51.4,Standard,TRUE
CUST1040,William,Williams,williamw@example.com,-9498,00:51.4,Premium,TRUE
CUST1041,Jennifer,Brown,jenniferb@example.com,-8988,00:51.4,Basic,TRUE
CUST1042,Emma,Jones,emmaj@example.com,-3848,00:51.4,Standard,FALSE
CUST1043,James,Martinez,jamesm@example.com,-9898,00:51.4,Basic,FALSE
CUST1044,Robert,Martinez,robertm@example.com,-3448,00:51.4,Premium,FALSE
CUST1045,Maria,Rodriguez,mariar@example.com,-3387,00:51.4,Premium,FALSE
CUST1046,Michael,Davis,michaeld@example.com,-10686,00:51.4,Basic,TRUE
CUST1047,Robert,Gonzalez,robertg@example.com,-3878,00:51.4,Basic,TRUE
CUST1048,Maria,Martinez,mariam@example.com,-6574,00:51.4,Standard,FALSE
CUST1049,Emma,Lopez,emmal@example.com,-8184,00:51.4,Premium,TRUE
CUST1050,Jennifer,Smith,jennifer.smith@example.com,-1903,00:51.4,Premium,FALSE
CUST1051,Richard,Gonzalez,richardg@example.com,-7204,00:51.4,Basic,TRUE
CUST1052,Emma,Rodriguez,emmar@example.com,-7603,00:51.4,Basic,TRUE
CUST1053,David,Garcia,davidg@example.com,-3018,00:51.4,Standard,FALSE
CUST1054,Anna,Lopez,annal@example.com,-8820,00:51.4,Standard,FALSE
CUST1055,Sarah,Lopez,sarah.lopez@example.com,-6168,00:51.4,Premium,TRUE
CUST1056,David,Brown,davidb@example.com,-9925,00:51.4,Standard,FALSE
CUST1057,Michael,Jones,michaelj@example.com,-4534,00:51.4,Standard,TRUE
CUST1058,Richard,Jones,richard.jones@example.com,-4220,00:51.4,Basic,TRUE
CUST1059,William,Jones,williamj@example.com,-9477,00:51.4,Premium,TRUE
CUST1060,John,Johnson,john.johnson@example.com,-10233,00:51.4,Standard,FALSE
CUST1061,John,Jones,johnj@example.com,-9280,00:51.4,Premium,FALSE
CUST1062,Maria,Williams,mariaw@example.com,-4579,00:51.4,Premium,TRUE
CUST1063,Emma,Smith,emmas@example.com,-9240,00:51.4,Standard,FALSE
CUST1064,Sarah,Garcia,sarahg@example.com,-6322,00:51.4,Premium,FALSE
CUST1065,Linda,Hernandez,lindah@example.com,-7179,00:51.4,Basic,TRUE
CUST1066,Lisa,Lopez,lisal@example.com,-9768,00:51.4,Basic,TRUE
CUST1067,Michael,Johnson,michaelj@example.com,-7103,00:51.4,Basic,FALSE
CUST1068,Michael,Smith,michaels@example.com,-8118,00:51.4,Premium,FALSE
CUST1069,Emma,Davis,emma.davis@example.com,-6403,00:51.4,Basic,TRUE
CUST1070,William,Williams,williamw@example.com,-8058,00:51.4,Premium,TRUE
CUST1071,Michael,Hernandez,michaelh@example.com,-8491,00:51.4,Basic,TRUE
CUST1072,David,Johnson,davidj@example.com,-9168,00:51.4,Premium,TRUE
CUST1073,Jennifer,Martinez,jenniferm@example.com,-8971,00:51.4,Premium,TRUE
CUST1074,Robert,Garcia,robert.garcia@example.com,-6627,00:51.4,Premium,FALSE
CUST1075,Emma,Smith,emma.smith@example.com,-7717,00:51.4,Basic,TRUE
CUST1076,Anna,Garcia,annag@example.com,-2095,00:51.4,Standard,TRUE
CUST1077,Anna,Williams,annaw@example.com,-3935,00:51.4,Standard,FALSE
CUST1078,Michael,Williams,michaelw@example.com,-11189,00:51.4,Premium,TRUE
CUST1079,James,Garcia,jamesg@example.com,-8478,00:51.4,Premium,FALSE
CUST1080,Maria,Williams,mariaw@example.com,-8135,00:51.4,Standard,FALSE
CUST1081,Thomas,Davis,thomasd@example.com,-4720,00:51.4,Standard,FALSE
CUST1082,Maria,Johnson,mariaj@example.com,-6342,00:51.4,Premium,FALSE
CUST1083,David,Garcia,davidg@example.com,-8989,00:51.4,Standard,TRUE
CUST1084,Anna,Miller,annam@example.com,-4486,00:51.4,Premium,FALSE
CUST1085,Anna,Garcia,annag@example.com,-9923,00:51.4,Standard,FALSE
CUST1086,John,Davis,johnd@example.com,-2693,00:51.4,Standard,TRUE
CUST1087,Richard,Lopez,richardl@example.com,-10686,00:51.4,Premium,FALSE
CUST1088,Thomas,Smith,thomass@example.com,-6781,00:51.4,Basic,TRUE
CUST1089,John,Garcia,johng@example.com,-7952,00:51.4,Standard,TRUE
CUST1090,Anna,Johnson,anna.johnson@example.com,-4814,00:51.4,Basic,TRUE
CUST1091,Anna,Garcia,annag@example.com,-2469,00:51.4,Premium,FALSE
CUST1092,William,Rodriguez,williamr@example.com,-4760,00:51.4,Standard,FALSE
CUST1093,Richard,Davis,richardd@example.com,-8864,00:51.4,Premium,TRUE
CUST1094,David,Williams,davidw@example.com,-6454,00:51.4,Premium,FALSE
CUST1095,Robert,Johnson,robertj@example.com,-8855,00:51.4,Basic,TRUE
CUST1096,John,Rodriguez,johnr@example.com,-6161,00:51.4,Basic,TRUE
CUST1097,Michael,Garcia,michaelg@example.com,-7774,00:51.4,Basic,TRUE
CUST1098,John,Brown,johnb@example.com,-4277,00:51.4,Premium,TRUE
CUST1099,Richard,Jones,richardj@example.com,-4150,00:51.4,Standard,FALSE
CUST1100,David,Hernandez,davidh@example.com,-8183,00:51.4,Basic,TRUE
CUST1101,Anna,Jones,annaj@example.com,-6253,00:51.4,Basic,TRUE
CUST1102,Michael,Williams,michaelw@example.com,-4580,00:51.4,Basic,FALSE
CUST1103,Maria,Davis,mariad@example.com,-10509,00:51.4,Premium,FALSE
CUST1104,Linda,Johnson,lindaj@example.com,-5867,00:51.4,Premium,FALSE
CUST1105,David,Davis,davidd@example.com,-8281,00:51.4,Premium,FALSE
CUST1106,Anna,Rodriguez,annar@example.com,-8199,00:51.4,Standard,TRUE
CUST1107,Robert,Smith,roberts@example.com,-9426,00:51.4,Premium,FALSE
CUST1108,Emma,Rodriguez,emma.rodriguez@example.com,-11222,00:51.4,Premium,FALSE
CUST1109,William,Garcia,williamg@example.com,-10737,00:51.4,Basic,TRUE
CUST1110,Jennifer,Hernandez,jenniferh@example.com,-5405,00:51.4,Premium,TRUE
CUST1111,Thomas,Hernandez,thomash@example.com,-8123,00:51.4,Basic,TRUE
CUST1112,Emma,Rodriguez,emmar@example.com,-8420,00:51.4,Premium,FALSE
CUST1113,Richard,Miller,richardm@example.com,-4050,00:51.4,Premium,TRUE
CUST1114,Richard,Gonzalez,richardg@example.com,-2439,00:51.4,Basic,TRUE
CUST1115,Sarah,Johnson,sarahj@example.com,-7564,00:51.4,Premium,FALSE
CUST1116,Richard,Miller,richardm@example.com,-8416,00:51.4,Basic,FALSE
CUST1117,Sarah,Miller,sarahm@example.com,-7920,00:51.4,Premium,FALSE
CUST1118,Lisa,Rodriguez,lisar@example.com,-9480,00:51.4,Basic,FALSE
CUST1119,Sarah,Williams,sarahw@example.com,-7724,00:51.4,Standard,TRUE
CUST1120,Linda,Miller,lindam@example.com,-4626,00:51.4,Basic,FALSE
CUST1121,Richard,Williams,richardw@example.com,-10440,00:51.4,Premium,FALSE
CUST1122,William,Martinez,williamm@example.com,-6615,00:51.4,Premium,TRUE
CUST1123,Lisa,Rodriguez,lisar@example.com,-8139,00:51.4,Premium,FALSE
CUST1124,Linda,Davis,lindad@example.com,-5721,00:51.4,Standard,TRUE
CUST1125,Anna,Johnson,annaj@example.com,-3712,00:51.4,Standard,FALSE
CUST1126,Maria,Martinez,mariam@example.com,-11376,00:51.4,Standard,FALSE
CUST1127,David,Martinez,davidm@example.com,-7466,00:51.4,Standard,FALSE
CUST1128,Jennifer,Miller,jenniferm@example.com,-9672,00:51.4,Standard,TRUE
CUST1129,Anna,Johnson,annaj@example.com,-11120,00:51.4,Premium,FALSE
CUST1130,David,Lopez,davidl@example.com,-3861,00:51.4,Basic,TRUE
CUST1131,Emma,Williams,emmaw@example.com,-7847,00:51.4,Premium,TRUE
CUST1132,James,Davis,jamesd@example.com,-8474,00:51.4,Standard,FALSE
CUST1133,David,Davis,davidd@example.com,-4166,00:51.4,Basic,TRUE
CUST1134,Linda,Hernandez,lindah@example.com,-2007,00:51.4,Premium,FALSE
CUST1135,John,Smith,johns@example.com,-8454,00:51.4,Basic,TRUE
CUST1136,Michael,Johnson,michaelj@example.com,-5637,00:51.4,Standard,FALSE
CUST1137,Michael,Jones,michael.jones@example.com,-5474,00:51.4,Standard,TRUE
CUST1138,James,Smith,jamess@example.com,-5137,00:51.4,Basic,TRUE
CUST1139,Lisa,Garcia,lisag@example.com,-7129,00:51.4,Basic,FALSE
CUST1140,Robert,Gonzalez,robertg@example.com,-6475,00:51.4,Premium,FALSE
CUST1141,Maria,Miller,maria.miller@example.com,-6404,00:51.4,Standard,TRUE
CUST1142,James,Gonzalez,jamesg@example.com,-3521,00:51.4,Premium,FALSE
CUST1143,Thomas,Davis,thomasd@example.com,-2596,00:51.4,Basic,FALSE
CUST1144,Maria,Miller,mariam@example.com,-7637,00:51.4,Premium,FALSE
CUST1145,Richard,Martinez,richardm@example.com,-10894,00:51.4,Standard,FALSE
CUST1146,William,Miller,williamm@example.com,-5879,00:51.4,Standard,FALSE
CUST1147,Richard,Smith,richards@example.com,-2672,00:51.4,Basic,TRUE
CUST1148,Maria,Rodriguez,mariar@example.com,-5802,00:51.4,Premium,FALSE
CUST1149,Anna,Johnson,annaj@example.com,-10941,00:51.4,Premium,FALSE
CUST1150,Thomas,Rodriguez,thomasr@example.com,-3825,00:51.4,Premium,TRUE
CUST1151,Jennifer,Garcia,jenniferg@example.com,-3583,00:51.4,Premium,TRUE
CUST1152,Emma,Brown,emmab@example.com,-7943,00:51.4,Premium,FALSE
CUST1153,Maria,Hernandez,mariah@example.com,-8808,00:51.4,Premium,TRUE
CUST1154,Lisa,Miller,lisam@example.com,-3586,00:51.4,Premium,TRUE
CUST1155,Maria,Williams,mariaw@example.com,-10063,00:51.4,Basic,FALSE
CUST1156,Richard,Davis,richardd@example.com,-6657,00:51.4,Basic,TRUE
CUST1157,Anna,Williams,annaw@example.com,-3520,00:51.4,Standard,TRUE
CUST1158,Thomas,Davis,thomasd@example.com,-9170,00:51.4,Basic,TRUE
CUST1159,Maria,Johnson,maria.johnson@example.com,-5361,00:51.4,Premium,TRUE
CUST1160,John,Johnson,johnj@example.com,-4513,00:51.4,Standard,FALSE
CUST1161,William,Gonzalez,williamg@example.com,-5228,00:51.4,Premium,TRUE
CUST1162,William,Rodriguez,williamr@example.com,-6284,00:51.4,Standard,FALSE
CUST1163,James,Jones,jamesj@example.com,-7564,00:51.4,Standard,FALSE
CUST1164,William,Jones,williamj@example.com,-10789,00:51.4,Basic,FALSE
CUST1165,Richard,Hernandez,richardh@example.com,-9022,00:51.4,Premium,TRUE
CUST1166,Lisa,Williams,lisaw@example.com,-3321,00:51.4,Basic,FALSE
CUST1167,David,Gonzalez,davidg@example.com,-3782,00:51.4,Basic,FALSE
CUST1168,John,Lopez,john.lopez@example.com,-5291,00:51.4,Standard,FALSE
CUST1169,William,Johnson,williamj@example.com,-11323,00:51.4,Premium,FALSE
CUST1170,James,Gonzalez,james.gonzalez@example.com,-5468,00:51.4,Premium,TRUE
CUST1171,Richard,Rodriguez,richardr@example.com,-2908,00:51.4,Standard,TRUE
CUST1172,Linda,Brown,lindab@example.com,-5256,00:51.4,Premium,TRUE
CUST1173,Thomas,Jones,thomasj@example.com,-7732,00:51.4,Standard,FALSE
CUST1174,Lisa,Johnson,lisaj@example.com,-3237,00:51.4,Standard,TRUE
CUST1175,Jennifer,Hernandez,jenniferh@example.com,-5986,00:51.4,Basic,TRUE
CUST1176,Linda,Johnson,lindaj@example.com,-2961,00:51.4,Standard,TRUE
CUST1177,Emma,Rodriguez,emma.rodriguez@example.com,-4422,00:51.4,Premium,FALSE
CUST1178,Robert,Lopez,robert.lopez@example.com,-4203,00:51.4,Basic,FALSE
CUST1179,Richard,Smith,richard.smith@example.com,-3362,00:51.4,Standard,FALSE
CUST1180,William,Gonzalez,williamg@example.com,-5251,00:51.4,Standard,TRUE
CUST1181,Anna,Rodriguez,annar@example.com,-7490,00:51.4,Standard,FALSE
CUST1182,Jennifer,Brown,jenniferb@example.com,-2519,00:51.4,Premium,TRUE
CUST1183,Richard,Smith,richards@example.com,-8770,00:51.4,Standard,FALSE
CUST1184,Sarah,Johnson,sarah.johnson@example.com,-3853,00:51.4,Basic,TRUE
CUST1185,Lisa,Rodriguez,lisar@example.com,-10930,00:51.4,Standard,FALSE
CUST1186,Linda,Brown,lindab@example.com,-2494,00:51.4,Standard,FALSE
CUST1187,Lisa,Martinez,lisam@example.com,-6462,00:51.4,Basic,FALSE
CUST1188,Richard,Rodriguez,richardr@example.com,-5438,00:51.4,Premium,FALSE
CUST1189,Richard,Miller,richardm@example.com,-6130,00:51.4,Standard,TRUE
CUST1190,Anna,Rodriguez,annar@example.com,-11313,00:51.4,Premium,TRUE
CUST1191,Lisa,Smith,lisas@example.com,-2673,00:51.4,Premium,FALSE
CUST1192,Jennifer,Lopez,jenniferl@example.com,-3517,00:51.4,Premium,FALSE
CUST1193,Maria,Jones,mariaj@example.com,-3625,00:51.4,Standard,TRUE
CUST1194,Jennifer,Williams,jenniferw@example.com,-5981,00:51.4,Standard,TRUE
CUST1195,Maria,Lopez,marial@example.com,-6676,00:51.4,Standard,FALSE
CUST1196,Richard,Davis,richardd@example.com,-5597,00:51.4,Premium,TRUE
CUST1197,Robert,Rodriguez,robertr@example.com,-6238,00:51.4,Premium,TRUE
CUST1198,Thomas,Hernandez,thomash@example.com,-8155,00:51.4,Standard,TRUE
CUST1199,John,Jones,johnj@example.com,-2741,00:51.4,Premium,TRUE
CUST1200,David,Jones,davidj@example.com,-4353,00:51.4,Standard,FALSE
