employee_id,department,region,education,gender,recruitment_channel,tenure_months,age,avg_training_score,previous_year_rating,awards_won,salary,is_promoted
EMP0342,Engineering,Region_5,Bachelor's,Male,Direct,119,39.0,73,3.0,1,186161.0,0
EMP0790,R&D,Region_3,PhD,Female,Referral,95,28.0,42,5.0,0,85226.0,0
EMP0244,Engineering,Region_5,Master's,Male,Direct,37,37.0,67,,0,53685.0,0
EMP0022,Sales,Region_7,Bachelor's,Male,Direct,34,40.0,73,2.0,0,43431.0,0
EMP0127,Support,Region_1,Bachelor's,Male,Direct,85,24.0,96,3.0,0,70927.0,0
EMP0484,Marketing,Region_7,Bachelor's,Female,Referral,27,29.0,71,5.0,0,55204.0,0
EMP0690,Sales,Region_2,Bachelor's,Female,Agency,12,46.0,88,4.0,0,59863.0,0
EMP0409,R&D,Region_3,PhD,Female,Agency,18,47.0,73,3.0,3,70038.0,0
EMP0994,HR,Region_2,Master's,Male,Agency,106,59.0,98,4.0,0,46674.0,0
EMP0902,Sales,Region_4,Bachelor's,Male,Referral,116,50.0,70,3.0,5,57300.0,0
EMP0576,R&D,Region_4,Master's,Male,Agency,46,25.0,59,3.0,2,62773.0,0
EMP0068,Support,Region_7,PhD,Male,Referral,91,63.0,69,,0,82879.0,0
EMP0395,Engineering,Region_4,Bachelor's,Female,Referral,7,33.0,62,4.0,1,54456.0,0
EMP0583,Engineering,Region_1,Master's,Female,Direct,11,60.0,94,3.0,1,132392.0,0
EMP0379,Support,Region_7,Bachelor's,Female,Agency,119,25.0,74,3.0,0,51585.0,0
EMP0719,Sales,Region_6,Bachelor's,Female,Agency,96,36.0,64,2.0,0,106718.0,1
EMP0116,Support,Region_6,Master's,Female,Referral,72,53.0,85,4.0,0,54876.0,0
EMP0385,Marketing,Region_3,Bachelor's,Female,Agency,48,24.0,88,3.0,0,53580.0,0
EMP0525,Support,Region_6,nan,Male,Agency,79,35.0,72,4.0,0,81653.0,0
EMP0084,Sales,Region_2,High School,Male,Direct,72,60.0,94,5.0,0,52337.0,0
EMP0319,Sales,Region_5,Bachelor's,Male,Agency,63,56.0,49,4.0,0,70346.0,0
EMP0030,Sales,Region_2,Bachelor's,Male,Referral,87,50.0,58,4.0,0,117897.0,0
EMP0303,Engineering,Region_2,Master's,Male,Direct,4,62.0,84,2.0,0,43541.0,0
EMP0359,R&D,Region_2,High School,Male,Agency,83,52.0,84,4.0,0,73581.0,0
EMP0229,Support,Region_3,High School,Male,Direct,104,44.0,52,4.0,0,64211.0,0
EMP0131,Engineering,Region_7,Bachelor's,Female,Referral,119,50.0,68,2.0,0,31120.0,0
EMP0374,Marketing,Region_5,High School,Male,Agency,78,36.0,56,4.0,0,84922.0,0
EMP0585,Marketing,Region_3,Bachelor's,Male,Referral,85,26.0,62,4.0,0,72714.0,0
EMP0090,Engineering,Region_5,Bachelor's,Female,Direct,109,59.0,77,3.0,1,76619.0,0
EMP0649,Support,Region_2,Bachelor's,Female,Referral,109,27.0,74,,0,65989.0,0
EMP0209,Sales,Region_3,Bachelor's,Male,Agency,13,26.0,57,,0,134677.0,0
EMP0436,Marketing,Region_4,PhD,Male,Referral,7,36.0,88,5.0,0,76603.0,0
EMP0439,Marketing,Region_1,Master's,Female,Direct,119,,60,4.0,0,83323.0,0
EMP0749,R&D,Region_2,Bachelor's,Female,Referral,71,36.0,78,4.0,0,95719.0,0
EMP0603,Sales,Region_5,Bachelor's,Male,Referral,71,50.0,59,4.0,0,39315.0,0
EMP0483,Engineering,Region_6,High School,Female,Referral,37,,49,4.0,0,100829.0,0
EMP0150,Sales,Region_6,High School,Female,Agency,81,34.0,63,3.0,0,61956.0,0
EMP0925,Engineering,Region_6,Bachelor's,Male,Referral,12,35.0,66,4.0,1,56256.0,1
EMP0618,Sales,Region_5,Master's,Female,Referral,12,54.0,46,4.0,1,100033.0,0
EMP0120,ENGINEERING,Region_6,PhD,Male,Referral,54,63.0,71,3.0,0,41927.0,0
EMP0433,Marketing,Region_4,Bachelor's,Male,Agency,27,45.0,89,4.0,0,123479.0,0
EMP0427,Engineering,Region_4,Bachelor's,Male,Direct,103,41.0,42,4.0,0,81549.0,0
EMP0759,Support,Region_7,nan,Male,Agency,98,37.0,46,4.0,0,36981.0,1
EMP0570,Engineering,Region_5,High School,Male,Agency,60,58.0,42,,1,53529.0,0
EMP0930,Sales,Region_6,Bachelor's,Female,Agency,46,34.0,61,1.0,0,142493.0,0
EMP0430,Sales,Region_5,nan,Male,Direct,90,43.0,61,1.0,1,92830.0,0
EMP0738,Support,Region_5,PhD,Female,Agency,103,22.0,96,3.0,0,119355.0,0
EMP0694,Sales,Region_6,Master's,Female,Direct,103,40.0,47,5.0,1,32928.0,0
EMP0026,Support,Region_7,Bachelor's,Male,Direct,84,53.0,96,3.0,0,104946.0,1
EMP0695,Sales,Region_1,Master's,Female,Direct,24,55.0,93,4.0,0,71279.0,0
EMP0874,ENGINEERING,Region_6,Bachelor's,Male,Direct,23,47.0,96,5.0,0,169232.0,0
EMP0220,Support,Region_7,Master's,Male,Referral,81,56.0,51,4.0,0,127720.0,0
EMP0681,Support,Region_5,Master's,Male,Referral,118,55.0,57,3.0,0,87949.0,0
EMP0173,Engineering,Region_2,Bachelor's,Female,Agency,14,47.0,76,3.0,0,55137.0,0
EMP0952,Marketing,Region_7,Master's,Female,Referral,45,61.0,69,5.0,2,40730.0,0
EMP0643,Sales,Region_6,PhD,Female,Agency,118,24.0,51,3.0,0,98015.0,0
EMP0357,Sales,Region_3,Bachelor's,Female,Agency,23,45.0,68,3.0,0,54966.0,0
EMP0299,Marketing,Region_1,PhD,Female,Referral,6,49.0,73,5.0,2,96961.0,0
EMP0937,Sales,Region_4,nan,Female,Agency,54,57.0,47,4.0,0,70349.0,0
EMP0310,Sales,Region_7,Bachelor's,Male,Referral,15,23.0,43,3.0,0,51603.0,0
EMP0567,Engineering,Region_7,Bachelor's,Female,Referral,10,42.0,74,2.0,2,145034.0,0
EMP0821,Support,Region_1,Master's,Female,Referral,111,58.0,42,3.0,0,46134.0,0
EMP0752,R&D,Region_6,Bachelor's,Male,Agency,15,54.0,49,3.0,2,98930.0,0
EMP0673,Sales,Region_2,Bachelor's,Male,Agency,20,51.0,49,2.0,1,47640.0,0
EMP0928,Engineering,Region_5,Bachelor's,Male,Referral,117,47.0,77,4.0,0,69654.0,0
EMP0222,HR,Region_5,High School,Male,Direct,19,47.0,62,3.0,0,46342.0,1
EMP0639,Sales,Region_1,PhD,Male,Direct,40,44.0,57,5.0,0,47934.0,0
EMP0553,HR,Region_2,Master's,Male,Referral,94,52.0,95,4.0,0,161366.0,0
EMP0278,Marketing,Region_7,PhD,Male,Direct,103,48.0,81,4.0,0,43976.0,0
EMP0523,R&D,Region_6,Bachelor's,Male,Agency,116,44.0,53,3.0,0,73467.0,0
EMP0011,Sales,Region_6,Master's,Male,Agency,27,,56,,0,47035.0,1
EMP0558,Sales,Region_4,nan,Male,Referral,61,48.0,96,3.0,2,91532.0,0
EMP0416,Engineering,Region_3,Bachelor's,Female,Referral,57,23.0,96,5.0,0,64453.0,0
EMP0808,R&D,Region_6,Master's,Female,Direct,88,23.0,71,4.0,0,72961.0,0
EMP0948,R&D,Region_7,Master's,Female,Agency,92,41.0,77,2.0,1,55216.0,0
EMP0868,Sales,Region_4,nan,Male,Agency,72,58.0,44,4.0,0,70391.0,0
EMP0378,Sales,Region_2,Master's,Female,Agency,94,34.0,63,3.0,0,60216.0,0
EMP0789,Engineering,Region_2,Bachelor's,Male,Referral,25,31.0,90,4.0,0,36064.0,0
EMP0452,HR,Region_7,High School,Female,Direct,69,37.0,67,,0,65670.0,0
EMP0927,Sales,Region_4,Bachelor's,Female,Referral,51,33.0,45,4.0,0,45980.0,0
EMP0907,Support,Region_7,Master's,Female,Agency,65,41.0,41,3.0,0,50657.0,0
EMP0108,Support,Region_2,Master's,Female,Referral,30,52.0,96,2.0,0,49408.0,0
EMP0005,Sales,Region_7,Bachelor's,Female,Direct,83,48.0,94,3.0,0,83553.0,1
EMP0684,Marketing,Region_7,High School,Male,Referral,31,51.0,71,4.0,1,73800.0,0
EMP0428,Support,Region_7,Master's,Female,Direct,118,26.0,61,1.0,0,115489.0,0
EMP0470,R&D,Region_5,Bachelor's,Male,Referral,37,38.0,58,2.0,0,145807.0,0
EMP0772,Support,Region_2,Bachelor's,Male,Agency,99,54.0,84,3.0,0,114949.0,0
EMP0680,Support,Region_4,High School,Female,Referral,24,63.0,61,3.0,0,112542.0,0
EMP0532,R&D,Region_2,Master's,Female,Referral,82,29.0,49,4.0,0,157575.0,0
EMP0062,Sales,Region_3,High School,Male,Agency,107,40.0,89,5.0,0,39480.0,0
EMP0833,Sales,Region_6,Master's,Male,Referral,3,45.0,79,4.0,0,78296.0,0
EMP0880,Sales,Region_5,Bachelor's,Male,Direct,56,54.0,49,4.0,0,44824.0,0
EMP0267,Marketing,Region_7,Master's,Female,Agency,15,53.0,79,5.0,0,76183.0,0
EMP0020,Sales,Region_5,Master's,Male,Agency,26,29.0,81,4.0,1,90753.0,0
EMP0803,HR,Region_4,Master's,Male,Direct,96,53.0,56,4.0,4,64167.0,0
EMP0055,HR,Region_3,High School,Male,Agency,46,44.0,75,3.0,2,73279.0,0
EMP0559,Support,Region_7,Master's,Female,Referral,31,23.0,68,,0,69809.0,0
EMP0074,Support,Region_5,Bachelor's,Male,Referral,104,48.0,48,3.0,0,49399.0,0
EMP0495,Engineering,Region_1,Bachelor's,Female,Direct,96,24.0,99,5.0,0,87427.0,0
EMP0227,R&D,Region_7,Master's,Female,Agency,48,64.0,54,4.0,0,57215.0,0
EMP0037,Engineering,Region_3,Bachelor's,Female,Agency,66,60.0,47,3.0,0,34977.0,0
EMP0953,Sales,Region_5,Master's,Female,Direct,23,23.0,90,5.0,0,87738.0,0
EMP0507,R&D,Region_6,Master's,Female,Direct,43,63.0,88,3.0,2,86312.0,0
EMP0615,Support,Region_1,Bachelor's,Female,Direct,75,48.0,92,2.0,0,65372.0,0
EMP0434,Sales,Region_2,Bachelor's,Female,Direct,79,62.0,94,,0,46223.0,0
EMP0662,R&D,Region_7,Bachelor's,Female,Referral,66,41.0,61,5.0,0,121860.0,0
EMP0219,Marketing,Region_1,Master's,Male,Direct,35,40.0,63,3.0,0,59213.0,0
EMP0564,Sales,Region_3,Bachelor's,Male,Direct,66,51.0,42,,0,121659.0,0
EMP0270,Sales,Region_4,Bachelor's,Female,Referral,73,64.0,98,4.0,3,91129.0,0
EMP0933,R&D,Region_7,Bachelor's,Female,Direct,80,55.0,54,,0,76421.0,0
EMP0989,Sales,Region_1,nan,Female,Direct,116,47.0,65,,0,98310.0,0
EMP0256,HR,Region_1,Master's,Female,Referral,45,61.0,65,3.0,0,53343.0,0
EMP0683,Sales,Region_7,Bachelor's,Female,Direct,2,52.0,85,4.0,0,76338.0,0
EMP0853,Sales,Region_7,Bachelor's,Female,Direct,13,38.0,91,3.0,0,159764.0,0
EMP0679,R&D,Region_4,Bachelor's,Female,Agency,36,62.0,99,4.0,0,69079.0,0
EMP0555,Support,Region_3,Bachelor's,Male,Direct,35,59.0,57,3.0,1,119097.0,0
EMP0802,Sales,Region_6,Bachelor's,Male,Referral,87,62.0,63,,0,71027.0,0
EMP0920,Sales,Region_5,Bachelor's,Male,Agency,25,24.0,56,,0,45332.0,0
EMP0376,Engineering,Region_3,Master's,Female,Direct,110,23.0,98,5.0,0,38781.0,0
EMP0211,ENGINEERING,Region_4,Bachelor's,Female,Referral,44,41.0,76,5.0,0,58935.0,0
EMP0347,Marketing,Region_4,Bachelor's,Male,Agency,9,27.0,92,4.0,0,36453.0,0
EMP0271,Support,Region_7,Bachelor's,Male,Referral,103,39.0,55,3.0,0,41067.0,0
EMP0183,R&D,Region_3,Bachelor's,Female,Referral,117,39.0,63,4.0,2,43556.0,1
EMP0390,Support,Region_5,Master's,Female,Direct,11,58.0,88,5.0,0,56433.0,0
EMP0189,ENGINEERING,Region_2,Master's,Female,Referral,58,49.0,96,5.0,0,64350.0,0
EMP0208,Marketing,Region_1,Master's,Female,Agency,78,34.0,67,,0,40680.0,0
EMP0897,Sales,Region_3,Bachelor's,Male,Referral,43,46.0,81,5.0,0,51730.0,0
EMP0463,Marketing,Region_6,Master's,Female,Referral,23,27.0,84,2.0,0,97891.0,0
EMP0696,Marketing,Region_1,Master's,Male,Direct,21,56.0,70,2.0,1,44951.0,0
EMP0370,Sales,Region_1,Bachelor's,Male,Agency,112,56.0,40,4.0,0,32394.0,0
EMP0887,Marketing,Region_2,Bachelor's,Male,Agency,95,64.0,74,3.0,0,52165.0,0
EMP0398,Engineering,Region_1,Bachelor's,Female,Referral,64,30.0,63,3.0,0,52481.0,0
EMP0857,Sales,Region_7,Bachelor's,Female,Direct,86,52.0,65,1.0,0,69351.0,1
EMP0472,R&D,Region_1,Bachelor's,Male,Agency,67,,83,3.0,0,48715.0,0
EMP0504,Support,Region_6,Master's,Female,Referral,87,44.0,60,4.0,0,80514.0,0
EMP0915,HR,Region_4,Master's,Female,Referral,7,35.0,55,,0,89648.0,0
EMP0776,Sales,Region_5,High School,Male,Direct,110,28.0,83,2.0,0,60214.0,0
EMP0320,Sales,Region_5,High School,Male,Agency,67,22.0,82,5.0,0,93283.0,0
EMP0878,Marketing,Region_1,Bachelor's,Male,Referral,9,,52,,0,65146.0,0
EMP0524,Support,Region_1,Master's,Male,Agency,111,39.0,95,4.0,0,60903.0,0
EMP0739,Engineering,Region_3,Bachelor's,Male,Agency,95,27.0,70,,0,58596.0,0
EMP0460,Sales,Region_1,Master's,Female,Direct,76,55.0,52,4.0,0,83024.0,0
EMP0801,Marketing,Region_1,Bachelor's,Male,Direct,44,37.0,78,,0,48626.0,0
EMP0820,Engineering,Region_1,Bachelor's,Male,Agency,53,46.0,74,,0,46032.0,0
EMP0981,Engineering,Region_2,Bachelor's,Male,Agency,89,44.0,84,2.0,1,103659.0,0
EMP0275,Engineering,Region_2,Bachelor's,Male,Referral,71,42.0,55,3.0,0,83477.0,0
EMP0248,R&D,Region_2,High School,Female,Direct,68,43.0,87,2.0,0,50529.0,0
EMP0557,Sales,Region_6,Bachelor's,Female,Referral,85,29.0,45,,0,78285.0,1
EMP0667,Sales,Region_6,Master's,Female,Referral,90,22.0,59,5.0,2,68033.0,0
EMP0407,Engineering,Region_2,Bachelor's,Male,Agency,113,50.0,90,3.0,0,56322.0,0
EMP0105,R&D,Region_4,Master's,Female,Agency,104,46.0,57,,0,167432.0,0
EMP0094,HR,Region_7,Master's,Female,Direct,56,32.0,95,4.0,1,40138.0,0
EMP0440,Sales,Region_6,Bachelor's,Male,Direct,46,40.0,95,4.0,0,37251.0,0
EMP0629,Sales,Region_3,Bachelor's,Male,Direct,54,34.0,51,2.0,0,234680.0,0
EMP0181,Engineering,Region_1,Bachelor's,Male,Direct,113,64.0,40,4.0,0,108488.0,0
EMP0796,Support,Region_2,Bachelor's,Male,Referral,89,38.0,52,4.0,2,35720.0,0
EMP0829,Marketing,Region_3,Bachelor's,Female,Agency,29,45.0,70,1.0,4,62551.0,0
EMP0729,Sales,Region_5,High School,Male,Referral,109,31.0,59,5.0,0,172846.0,0
EMP0626,Engineering,Region_7,Master's,Female,Agency,16,44.0,64,3.0,0,106297.0,0
EMP0780,Marketing,Region_6,Master's,Male,Referral,32,,89,4.0,0,93007.0,0
EMP0865,Enginering,Region_1,Master's,Female,Referral,83,48.0,97,5.0,0,52139.0,0
EMP0369,Sales,Region_5,Master's,Female,Referral,109,36.0,81,3.0,0,64811.0,0
EMP0834,Sales,Region_6,Bachelor's,Female,Direct,60,30.0,52,4.0,3,64804.0,0
EMP0467,Sales,Region_7,nan,Male,Referral,71,27.0,75,3.0,0,107500.0,0
EMP0273,Support,Region_3,Bachelor's,Male,Referral,66,36.0,43,4.0,0,51510.0,1
EMP0700,Engineering,Region_4,Bachelor's,Male,Referral,101,27.0,57,1.0,2,99801.0,0
EMP0054,Support,Region_7,Bachelor's,Female,Referral,79,47.0,47,5.0,0,94104.0,0
EMP0201,Marketing,Region_1,Bachelor's,Male,Referral,59,47.0,98,,0,43097.0,0
EMP0025,Engineering,Region_1,nan,Male,Agency,50,48.0,61,,0,65130.0,0
EMP0101,Sales,Region_6,PhD,Male,Agency,59,43.0,78,2.0,0,71134.0,0
EMP0258,Marketing,Region_3,Master's,Female,Agency,28,46.0,62,,0,64701.0,0
EMP0839,HR,Region_2,Master's,Male,Referral,76,61.0,66,5.0,1,88389.0,1
EMP0142,Sales,Region_5,Master's,Male,Direct,1,29.0,73,3.0,0,75863.0,0
EMP0455,Sales,Region_5,Bachelor's,Male,Direct,36,38.0,60,4.0,0,150867.0,1
EMP0757,Marketing,Region_1,Bachelor's,Female,Agency,111,23.0,56,3.0,3,82171.0,0
EMP0446,R&D,Region_4,PhD,Female,Direct,17,46.0,62,2.0,0,107704.0,1
EMP0841,Sales,Region_5,Bachelor's,Male,Direct,109,,56,,0,51341.0,0
EMP0241,R&D,Region_2,Bachelor's,Female,Direct,70,55.0,95,4.0,0,40557.0,0
EMP0716,R&D,Region_4,Bachelor's,Female,Agency,100,44.0,43,4.0,0,72051.0,0
EMP0893,Support,Region_7,Bachelor's,Male,Agency,27,57.0,46,,0,96916.0,0
EMP0577,Sales,Region_2,Bachelor's,Female,Referral,39,42.0,91,3.0,0,71502.0,0
EMP0317,Engineering,Region_7,Master's,Female,Agency,6,39.0,76,3.0,0,103518.0,0
EMP0613,Marketing,Region_1,Bachelor's,Male,Direct,50,25.0,78,3.0,1,75562.0,0
EMP0449,Enginering,Region_6,Bachelor's,Female,Agency,36,29.0,59,5.0,1,180105.0,0
EMP0285,HR,Region_7,Master's,Male,Agency,102,48.0,72,4.0,0,57941.0,1
EMP0847,Sales,Region_1,High School,Male,Referral,118,38.0,80,4.0,0,53626.0,0
EMP0447,R&D,Region_4,Bachelor's,Female,Direct,63,37.0,93,4.0,0,51504.0,0
EMP0155,R&D,Region_4,Bachelor's,Female,Referral,80,28.0,49,4.0,0,64910.0,1
EMP0438,Support,Region_7,Bachelor's,Female,Agency,111,56.0,94,4.0,0,103738.0,1
EMP0033,Sales,Region_7,Master's,Female,Referral,112,52.0,56,3.0,0,80247.0,0
EMP0612,Support,Region_2,Master's,Male,Agency,40,25.0,44,4.0,0,52667.0,0
EMP0513,R&D,Region_7,Master's,Female,Agency,355,56.0,70,4.0,0,65859.0,0
EMP0617,Sales,Region_2,Bachelor's,Female,Referral,67,53.0,98,2.0,0,48155.0,0
EMP0895,Marketing,Region_4,Master's,Male,Agency,38,45.0,95,2.0,0,85813.0,0
EMP0281,Support,Region_2,Bachelor's,Female,Referral,80,61.0,51,5.0,2,42657.0,0
EMP0654,Marketing,Region_5,Master's,Female,Agency,107,50.0,71,3.0,0,72782.0,0
EMP0152,Sales,Region_2,nan,Male,Agency,38,30.0,69,3.0,1,54424.0,0
EMP0035,R&D,Region_7,Bachelor's,Female,Referral,118,58.0,73,,0,62229.0,0
EMP0034,R&D,Region_5,Bachelor's,Female,Agency,1,25.0,49,4.0,0,85925.0,0
EMP0721,R&D,Region_3,Bachelor's,Male,Agency,45,25.0,51,4.0,0,77856.0,0
EMP0628,Marketing,Region_3,Bachelor's,Female,Direct,60,45.0,69,3.0,0,123152.0,0
EMP0638,Sales,Region_7,Master's,Male,Referral,42,39.0,44,4.0,0,130095.0,0
EMP0909,Sales,Region_7,Master's,Female,Referral,104,28.0,80,,2,77144.0,0
EMP0621,Sales,Region_2,Master's,Female,Direct,27,62.0,75,4.0,0,66817.0,0
EMP0616,R&D,Region_4,High School,Male,Agency,109,64.0,93,2.0,0,123958.0,0
EMP0394,Support,Region_3,Bachelor's,Female,Direct,45,34.0,46,1.0,0,104756.0,0
EMP0932,Support,Region_5,nan,Male,Direct,88,45.0,64,4.0,0,133502.0,0
EMP0027,Sales,Region_2,Bachelor's,Female,Direct,12,35.0,43,1.0,1,120356.0,0
EMP0611,Sales,Region_4,Master's,Female,Referral,75,45.0,56,3.0,0,98003.0,0
EMP0709,Sales,Region_7,Master's,Male,Agency,36,37.0,90,3.0,0,83489.0,0
EMP0003,Marketing,Region_6,Bachelor's,Female,Agency,104,28.0,77,2.0,0,133254.0,0
EMP0668,Sales,Region_1,Master's,Male,Agency,73,45.0,40,4.0,0,117422.0,0
EMP0004,HR,Region_3,Bachelor's,Male,Agency,10,59.0,83,4.0,0,75863.0,0
EMP0013,Support,Region_2,Bachelor's,Male,Referral,113,47.0,42,4.0,0,174647.0,0
EMP0481,Marketing,Region_4,Master's,Male,Direct,21,42.0,44,4.0,0,174697.0,0
EMP0885,Support,Region_5,nan,Female,Direct,12,33.0,55,2.0,0,45530.0,0
EMP0069,Sales,Region_1,Bachelor's,Male,Direct,18,54.0,78,5.0,0,68671.0,0
EMP0619,Support,Region_2,PhD,Male,Direct,67,49.0,56,2.0,0,126687.0,0
EMP0551,Engineering,Region_1,Master's,Male,Agency,19,28.0,67,2.0,0,53601.0,0
EMP0837,R&D,Region_3,Bachelor's,Male,Direct,91,38.0,53,2.0,0,62384.0,0
EMP0991,Support,Region_3,Bachelor's,Female,Referral,64,29.0,81,4.0,0,62978.0,1
EMP0454,R&D,Region_6,nan,Male,Referral,80,63.0,76,2.0,0,86492.0,0
EMP0520,Sales,Region_5,Bachelor's,Female,Agency,19,52.0,89,4.0,0,52476.0,0
EMP0545,Marketing,Region_2,Bachelor's,Male,Referral,42,55.0,62,3.0,0,110980.0,0
EMP0954,R&D,Region_7,Master's,Male,Agency,114,57.0,70,,0,105596.0,0
EMP0345,Engineering,Region_3,Master's,Female,Agency,106,27.0,42,,0,121220.0,0
EMP0087,Marketing,Region_3,Bachelor's,Female,Direct,61,28.0,56,4.0,0,104242.0,0
EMP0710,Marketing,Region_5,Master's,Female,Referral,45,49.0,74,,0,52118.0,0
EMP0125,Sales,Region_6,Bachelor's,Male,Referral,95,28.0,62,4.0,0,69725.0,0
EMP0550,Support,Region_7,Bachelor's,Female,Agency,68,39.0,64,,0,40014.0,0
EMP0167,Engineering,Region_3,Bachelor's,Female,Referral,112,37.0,79,2.0,0,134541.0,0
EMP0863,Engineering,Region_1,Master's,Male,Agency,86,34.0,74,3.0,0,56819.0,0
EMP0646,Support,Region_4,High School,Male,Referral,37,63.0,69,2.0,2,72416.0,0
EMP0445,Support,Region_4,High School,Female,Referral,43,40.0,97,4.0,0,90729.0,0
EMP0492,Marketing,Region_4,Master's,Male,Agency,36,29.0,49,5.0,0,63881.0,0
EMP0178,Engineering,Region_6,Bachelor's,Male,Referral,54,64.0,98,3.0,0,100487.0,0
EMP0095,Support,Region_6,Bachelor's,Male,Agency,59,25.0,47,4.0,0,165752.0,0
EMP0543,Sales,Region_4,nan,Male,Direct,34,34.0,95,2.0,1,42201.0,0
EMP0813,Sales,Region_6,Master's,Female,Direct,16,46.0,58,3.0,0,95524.0,0
EMP0001,Engineering,Region_7,High School,Male,Agency,20,31.0,49,5.0,0,50559.0,0
EMP0781,Marketing,Region_5,Bachelor's,Female,Direct,40,64.0,76,3.0,0,85839.0,0
EMP0620,Marketing,Region_4,Master's,Female,Direct,106,63.0,78,5.0,0,92425.0,0
EMP0473,Sales,Region_4,Bachelor's,Male,Direct,15,47.0,46,5.0,0,49539.0,0
EMP0565,Engineering,Region_2,High School,Male,Referral,59,50.0,81,3.0,0,82909.0,0
EMP0210,Sales,Region_3,Master's,Female,Direct,7,46.0,52,3.0,0,75357.0,0
EMP0539,Engineering,Region_7,Bachelor's,Male,Agency,58,61.0,66,3.0,0,105713.0,0
EMP0366,Engineering,Region_4,Bachelor's,Female,Referral,25,25.0,91,4.0,0,101669.0,0
EMP0748,Engineering,Region_5,nan,Male,Direct,61,28.0,51,3.0,0,126061.0,0
EMP0216,Sales,Region_2,Bachelor's,Male,Referral,107,33.0,46,,0,68104.0,0
EMP0720,Marketing,Region_4,nan,Female,Agency,33,55.0,67,4.0,0,74249.0,0
EMP0284,Sales,Region_6,Bachelor's,Female,Direct,74,41.0,87,3.0,0,49818.0,0
EMP0340,Sales,Region_6,nan,Female,Agency,22,37.0,62,3.0,0,79120.0,0
EMP0482,Marketing,Region_1,Bachelor's,Female,Direct,64,60.0,94,3.0,1,163305.0,0
EMP0917,Sales,Region_3,Bachelor's,Male,Direct,103,54.0,51,4.0,1,49746.0,0
EMP0736,Support,Region_6,Bachelor's,Female,Referral,115,62.0,40,4.0,1,59554.0,0
EMP0355,Sales,Region_7,High School,Female,Direct,105,51.0,53,3.0,1,54636.0,0
EMP0224,Engineering,Region_3,Bachelor's,Female,Referral,100,45.0,99,2.0,0,64525.0,0
EMP0956,Engineering,Region_7,Bachelor's,Female,Direct,107,37.0,54,4.0,2,112714.0,0
EMP0630,Sales,Region_2,Bachelor's,Female,Direct,30,39.0,43,,0,69642.0,1
EMP0288,Engineering,Region_4,PhD,Male,Referral,69,30.0,51,2.0,0,36118.0,0
EMP0313,Sales,Region_2,Bachelor's,Female,Direct,73,56.0,46,4.0,0,76500.0,0
EMP0203,Sales,Region_4,Bachelor's,Female,Referral,114,27.0,97,4.0,1,200741.0,0
EMP0707,Engineering,Region_3,Master's,Female,Direct,22,61.0,85,2.0,0,67983.0,0
EMP0959,Sales,Region_5,Bachelor's,Male,Referral,26,27.0,87,5.0,0,52336.0,0
EMP0723,Sales,Region_4,Bachelor's,Female,Direct,20,35.0,82,3.0,0,108230.0,0
EMP0163,Marketing,Region_3,Master's,Male,Direct,13,58.0,75,3.0,0,37417.0,0
EMP0190,Sales,Region_3,nan,Female,Agency,49,48.0,87,,1,139198.0,0
EMP0669,Sales,Region_3,Bachelor's,Female,Agency,10,28.0,60,3.0,0,72923.0,0
EMP0061,Enginering,Region_5,Bachelor's,Male,Referral,113,43.0,93,3.0,0,93178.0,0
EMP0566,HR,Region_3,Bachelor's,Female,Agency,116,41.0,60,4.0,0,113106.0,0
EMP0322,Marketing,Region_4,Master's,Male,Referral,11,46.0,54,3.0,0,53223.0,0
EMP0534,HR,Region_6,PhD,Female,Direct,20,24.0,45,3.0,0,87236.0,0
EMP0126,Enginering,Region_5,Bachelor's,Female,Referral,58,50.0,73,3.0,0,51870.0,0
EMP0875,Sales,Region_2,Bachelor's,Male,Agency,43,49.0,92,3.0,0,105811.0,0
EMP0827,Engineering,Region_7,Bachelor's,Male,Direct,70,54.0,93,4.0,0,60902.0,0
EMP0412,R&D,Region_4,Master's,Female,Agency,59,46.0,88,5.0,0,36810.0,0
EMP0924,Support,Region_2,Bachelor's,Male,Referral,110,23.0,62,2.0,0,110229.0,0
EMP0602,Sales,Region_2,Master's,Male,Agency,106,55.0,98,1.0,1,88378.0,0
EMP0910,Engineering,Region_7,Bachelor's,Male,Direct,72,62.0,71,3.0,0,140941.0,0
EMP0058,Sales,Region_5,Bachelor's,Female,Agency,88,27.0,51,4.0,0,63463.0,1
EMP0146,Sales,Region_7,Master's,Male,Direct,54,24.0,89,3.0,0,43748.0,0
EMP0978,Sales,Region_6,High School,Female,Direct,45,36.0,67,,0,50612.0,1
EMP0400,Support,Region_3,Bachelor's,Female,Direct,2,23.0,94,4.0,0,85397.0,0
EMP0595,Support,Region_1,Master's,Male,Agency,75,23.0,58,4.0,0,56749.0,0
EMP0670,Sales,Region_1,Master's,Male,Agency,96,40.0,88,3.0,0,66463.0,0
EMP0383,Marketing,Region_3,Bachelor's,Male,Direct,99,62.0,78,4.0,0,70342.0,0
EMP0352,Support,Region_3,Bachelor's,Male,Direct,97,52.0,94,4.0,0,49229.0,0
EMP0431,Sales,Region_4,High School,Female,Referral,59,40.0,89,2.0,1,117484.0,0
EMP0788,Engineering,Region_7,Master's,Male,Agency,70,60.0,49,4.0,0,73105.0,0
EMP0499,R&D,Region_6,Master's,Female,Direct,54,22.0,40,4.0,2,72391.0,0
EMP0768,Support,Region_6,Bachelor's,Female,Referral,43,24.0,73,4.0,0,82348.0,0
EMP0104,Engineering,Region_1,Bachelor's,Female,Direct,65,63.0,98,5.0,0,60782.0,0
EMP0961,Sales,Region_4,nan,Male,Direct,54,57.0,57,4.0,0,83354.0,0
EMP0411,Engineering,Region_1,Bachelor's,Female,Agency,117,52.0,63,4.0,0,76465.0,0
EMP0843,Sales,Region_7,Bachelor's,Male,Referral,240,39.0,79,4.0,0,57516.0,0
EMP0509,R&D,Region_2,Master's,Female,Referral,118,57.0,56,4.0,0,41556.0,0
EMP0851,Sales,Region_1,High School,Male,Referral,45,58.0,91,2.0,0,79077.0,0
EMP0795,Sales,Region_1,Bachelor's,Male,Agency,91,42.0,46,4.0,0,98564.0,0
EMP0151,R&D,Region_5,Master's,Male,Referral,22,24.0,47,,0,104573.0,0
EMP0043,Sales,Region_7,Bachelor's,Female,Direct,49,51.0,41,3.0,0,104141.0,0
EMP0974,Sales,Region_7,Master's,Female,Agency,110,58.0,55,5.0,0,90798.0,0
EMP0934,Engineering,Region_4,Master's,Female,Direct,13,47.0,99,3.0,3,107653.0,0
EMP0437,Sales,Region_6,Bachelor's,Female,Referral,63,46.0,51,1.0,2,53336.0,0
EMP0678,ENGINEERING,Region_1,Master's,Male,Referral,51,50.0,78,,0,63179.0,0
EMP0435,Sales,Region_3,Bachelor's,Male,Agency,72,25.0,99,4.0,0,159834.0,0
EMP0939,Sales,Region_2,Bachelor's,Female,Referral,116,23.0,88,3.0,0,62990.0,0
EMP0419,Marketing,Region_1,High School,Female,Agency,47,60.0,54,5.0,0,119670.0,0
EMP0657,Sales,Region_6,Bachelor's,Male,Agency,80,,54,4.0,0,232211.57583787155,0
EMP0159,Sales,Region_5,High School,Female,Direct,17,55.0,50,4.0,0,131169.0,0
EMP0348,Sales,Region_5,Bachelor's,Male,Referral,60,53.0,57,4.0,0,63048.0,0
EMP0794,Marketing,Region_2,High School,Male,Direct,69,57.0,56,,0,60684.0,0
EMP0605,Sales,Region_5,High School,Female,Direct,106,54.0,56,2.0,0,68740.0,1
EMP0047,Engineering,Region_3,Bachelor's,Female,Direct,62,33.0,99,3.0,0,71730.0,1
EMP0842,Marketing,Region_1,nan,Male,Direct,20,42.0,75,3.0,0,45977.0,0
EMP0968,Sales,Region_4,Master's,Female,Referral,35,53.0,73,3.0,0,149992.0,0
EMP0549,Engineering,Region_3,Bachelor's,Male,Direct,7,55.0,93,3.0,3,98702.0,0
EMP0057,Sales,Region_4,nan,Male,Agency,21,27.0,81,2.0,1,77752.0,0
EMP0750,Marketing,Region_3,Bachelor's,Female,Referral,46,48.0,57,5.0,1,67983.0,0
EMP0072,Sales,Region_6,nan,Male,Agency,99,33.0,62,5.0,0,70378.0,0
EMP0562,Sales,Region_1,Master's,Male,Agency,53,35.0,40,4.0,2,70025.0,0
EMP0975,Sales,Region_6,Master's,Female,Direct,30,28.0,98,3.0,0,99012.0,0
EMP0405,Enginering,Region_6,Master's,Male,Direct,75,42.0,79,5.0,0,102108.0,0
EMP0715,Engineering,Region_4,Bachelor's,Female,Direct,61,38.0,69,3.0,0,174076.0,0
EMP0703,Engineering,Region_6,Bachelor's,Male,Agency,14,,98,4.0,0,98059.0,0
EMP0386,Support,Region_1,Bachelor's,Female,Agency,98,30.0,77,3.0,0,92180.0,0
EMP0774,Engineering,Region_7,Master's,Female,Referral,92,62.0,90,3.0,0,42419.0,0
EMP0702,Sales,Region_1,Bachelor's,Male,Referral,88,22.0,77,4.0,0,81281.0,1
EMP0147,Marketing,Region_7,Bachelor's,Female,Referral,42,29.0,93,3.0,0,123597.0,0
EMP0377,Support,Region_4,Master's,Female,Direct,58,50.0,66,2.0,0,88233.0,0
EMP0541,R&D,Region_3,PhD,Female,Direct,93,53.0,67,3.0,0,89182.0,0
EMP0786,R&D,Region_1,Master's,Male,Referral,73,53.0,61,3.0,0,128295.0,1
EMP0486,R&D,Region_6,Bachelor's,Female,Referral,116,53.0,80,5.0,0,71270.0,0
EMP0154,Engineering,Region_7,Bachelor's,Male,Agency,109,34.0,92,2.0,0,60999.0,0
EMP0115,Marketing,Region_1,nan,Female,Referral,77,43.0,49,2.0,0,146257.0,1
EMP0960,Marketing,Region_2,Bachelor's,Male,Agency,25,34.0,83,5.0,0,49275.0,0
EMP0517,Engineering,Region_4,PhD,Female,Agency,73,56.0,82,,0,320874.0,1
EMP0949,Support,Region_7,PhD,Female,Agency,54,41.0,93,4.0,0,94980.0,0
EMP0967,Marketing,Region_1,High School,Female,Direct,78,28.0,74,3.0,0,66357.0,0
EMP0086,Engineering,Region_6,Bachelor's,Female,Referral,75,24.0,45,1.0,0,49364.0,0
EMP0770,Support,Region_4,Bachelor's,Male,Agency,117,50.0,89,3.0,0,51643.0,0
EMP0625,Marketing,Region_6,PhD,Male,Agency,49,55.0,77,3.0,0,73402.0,0
EMP0871,ENGINEERING,Region_3,Bachelor's,Male,Direct,112,47.0,78,3.0,0,72050.0,0
EMP0884,Sales,Region_4,Bachelor's,Female,Referral,51,54.0,93,2.0,0,43316.0,0
EMP0510,Marketing,Region_6,Bachelor's,Male,Direct,93,58.0,44,4.0,0,48869.0,0
EMP0053,R&D,Region_6,Master's,Male,Agency,52,22.0,87,5.0,0,228332.0,0
EMP0778,Marketing,Region_7,PhD,Female,Agency,62,53.0,53,4.0,1,88518.0,1
EMP0594,Engineering,Region_7,Master's,Female,Direct,97,63.0,41,4.0,0,41326.0,1
EMP0187,Support,Region_5,Bachelor's,Male,Direct,69,49.0,47,5.0,0,46303.0,0
EMP0234,Engineering,Region_5,nan,Female,Agency,107,49.0,52,5.0,1,118126.0,0
EMP0858,Engineering,Region_7,Bachelor's,Male,Agency,92,25.0,61,3.0,0,51000.0,0
EMP0560,Marketing,Region_4,Master's,Male,Agency,83,38.0,58,4.0,0,104434.0,0
EMP0109,Sales,Region_6,Bachelor's,Male,Agency,11,35.0,91,5.0,0,99700.0,0
EMP0922,ENGINEERING,Region_6,Bachelor's,Female,Agency,26,47.0,50,,0,34215.0,0
EMP0943,Marketing,Region_4,Master's,Female,Agency,96,36.0,89,3.0,0,112703.0,0
EMP0007,Sales,Region_1,Master's,Female,Referral,24,22.0,73,3.0,0,97954.0,0
EMP0955,Engineering,Region_7,Bachelor's,Male,Direct,28,35.0,49,5.0,0,53854.0,0
EMP0743,Marketing,Region_3,Bachelor's,Male,Agency,16,54.0,83,3.0,0,46132.0,0
EMP0855,Sales,Region_4,High School,Male,Referral,60,35.0,82,4.0,0,112248.0,1
EMP0500,R&D,Region_1,Bachelor's,Female,Agency,100,48.0,67,3.0,0,153710.0,0
EMP0861,Support,Region_4,nan,Female,Agency,53,64.0,94,3.0,0,127045.0,0
EMP0029,HR,Region_6,Bachelor's,Male,Referral,4,49.0,44,5.0,0,78446.0,0
EMP0769,Engineering,Region_5,Bachelor's,Female,Referral,97,44.0,45,4.0,0,64645.0,0
EMP0651,Sales,Region_5,Bachelor's,Female,Direct,57,22.0,56,2.0,2,90643.0,0
EMP0766,HR,Region_4,Master's,Male,Referral,78,56.0,78,1.0,2,57452.0,0
EMP0165,Sales,Region_6,Master's,Male,Referral,38,31.0,86,2.0,0,227955.0,0
EMP0758,Engineering,Region_7,Master's,Male,Agency,44,54.0,43,4.0,0,70497.0,0
EMP0529,Sales,Region_1,Master's,Male,Agency,32,48.0,75,3.0,0,121622.0,0
EMP0561,Marketing,Region_5,Bachelor's,Female,Agency,95,58.0,72,3.0,0,45861.0,0
EMP0476,R&D,Region_3,Bachelor's,Female,Referral,46,24.0,92,2.0,0,42148.0,0
EMP0862,Engineering,Region_5,Bachelor's,Female,Referral,109,30.0,42,3.0,0,94906.0,0
EMP0528,Sales,Region_7,Bachelor's,Female,Referral,9,27.0,88,,0,53204.0,0
EMP0336,Sales,Region_2,Master's,Male,Referral,35,63.0,55,4.0,0,62635.0,0
EMP0672,Support,Region_4,High School,Male,Agency,48,56.0,40,4.0,3,122922.0,0
EMP0474,Support,Region_6,Master's,Male,Direct,100,55.0,96,2.0,4,67714.0,0
EMP0485,HR,Region_6,Bachelor's,Female,Referral,55,41.0,81,2.0,0,39637.0,0
EMP0574,Marketing,Region_7,Master's,Female,Referral,16,37.0,84,3.0,0,111083.0,0
EMP0471,Sales,Region_1,Bachelor's,Female,Agency,29,45.0,84,2.0,0,47930.0,0
EMP0718,R&D,Region_7,Bachelor's,Male,Direct,89,28.0,59,,3,53864.0,0
EMP0235,Sales,Region_4,Master's,Female,Referral,50,54.0,80,,1,108308.0,0
EMP0698,HR,Region_4,Master's,Female,Referral,110,42.0,46,3.0,2,96904.0,0
EMP0872,Sales,Region_3,Bachelor's,Female,Agency,115,,52,3.0,0,47351.0,0
EMP0070,R&D,Region_4,Bachelor's,Male,Direct,21,31.0,59,5.0,0,61815.0,1
EMP0699,Sales,Region_3,Master's,Male,Agency,78,50.0,75,3.0,0,80088.0,0
EMP0157,Marketing,Region_3,Bachelor's,Male,Agency,62,,91,3.0,0,51720.0,0
EMP0139,Engineering,Region_2,Bachelor's,Male,Referral,40,40.0,86,4.0,0,60058.0,0
EMP0133,Sales,Region_7,Bachelor's,Male,Agency,52,56.0,46,4.0,0,62747.0,0
EMP0526,ENGINEERING,Region_1,Bachelor's,Male,Referral,57,36.0,68,3.0,0,49624.0,0
EMP0877,Marketing,Region_6,Master's,Female,Direct,28,53.0,51,4.0,0,49462.0,0
EMP0363,Engineering,Region_6,High School,Male,Direct,116,30.0,81,,0,78026.0,0
EMP0202,Sales,Region_1,Bachelor's,Female,Referral,64,29.0,97,3.0,0,94524.0,0
EMP0016,Sales,Region_7,Bachelor's,Male,Direct,76,28.0,40,,0,73001.0,0
EMP0420,Support,Region_1,Master's,Male,Agency,111,49.0,66,5.0,0,123143.0,0
EMP0196,Engineering,Region_3,High School,Male,Referral,5,49.0,58,4.0,0,119688.0,0
EMP0983,Sales,Region_7,High School,Male,Direct,102,30.0,63,4.0,0,47800.0,0
EMP0963,Sales,Region_4,nan,Female,Referral,83,39.0,72,5.0,0,64182.0,0
EMP0399,Support,Region_5,Bachelor's,Male,Direct,64,28.0,79,5.0,0,48392.0,0
EMP0259,HR,Region_1,Bachelor's,Female,Direct,96,62.0,68,5.0,0,129432.0,0
EMP0913,Marketing,Region_7,Master's,Male,Agency,118,47.0,73,4.0,1,105295.0,0
EMP0182,Sales,Region_1,Master's,Female,Agency,31,46.0,51,4.0,0,66019.0,0
EMP0873,Marketing,Region_6,Bachelor's,Female,Referral,26,47.0,80,,0,83712.0,0
EMP0490,Support,Region_2,Bachelor's,Male,Referral,70,22.0,97,3.0,0,44059.0,1
EMP0711,Support,Region_4,Bachelor's,Male,Referral,36,22.0,57,5.0,1,99454.0,1
EMP0040,Engineering,Region_7,High School,Female,Referral,21,62.0,96,,1,49022.0,0
EMP0280,Support,Region_2,Bachelor's,Male,Direct,57,45.0,83,3.0,2,60546.0,0
EMP0890,Sales,Region_5,Bachelor's,Male,Agency,11,29.0,44,1.0,0,40471.0,0
EMP0664,Sales,Region_4,Master's,Male,Agency,40,48.0,58,3.0,0,81085.0,0
EMP0515,Sales,Region_2,High School,Female,Referral,111,53.0,79,2.0,0,161330.0,0
EMP0135,R&D,Region_1,Bachelor's,Male,Direct,76,33.0,72,2.0,0,56263.0,0
EMP0327,HR,Region_3,Bachelor's,Male,Referral,63,55.0,58,3.0,0,66196.0,0
EMP0751,Sales,Region_3,Bachelor's,Female,Direct,32,47.0,41,3.0,0,88939.0,0
EMP0536,R&D,Region_6,Bachelor's,Male,Direct,75,62.0,40,1.0,0,72351.0,0
EMP0552,Support,Region_4,High School,Male,Referral,106,50.0,44,3.0,0,74792.0,0
EMP0362,Marketing,Region_2,Master's,Male,Referral,47,61.0,67,2.0,0,50615.0,0
EMP0635,Sales,Region_5,Bachelor's,Female,Referral,96,63.0,90,2.0,0,35220.0,0
EMP0233,HR,Region_6,High School,Male,Referral,71,49.0,91,3.0,2,66367.0,0
EMP0052,Support,Region_1,Bachelor's,Female,Agency,110,28.0,59,4.0,0,141266.0,0
EMP0607,Sales,Region_4,Master's,Male,Direct,4,28.0,86,3.0,0,85916.0,0
EMP0021,Marketing,Region_2,Bachelor's,Male,Agency,47,45.0,52,4.0,0,121038.0,0
EMP0587,Sales,Region_2,Master's,Female,Agency,71,41.0,90,4.0,2,86145.0,0
EMP0753,Marketing,Region_2,Bachelor's,Male,Referral,44,36.0,54,3.0,1,41170.0,0
EMP0289,Sales,Region_2,Bachelor's,Female,Direct,117,52.0,44,2.0,0,94876.0,0
EMP0461,Sales,Region_5,nan,Female,Agency,101,57.0,58,4.0,0,123742.0,0
EMP0830,Engineering,Region_4,Bachelor's,Female,Referral,112,58.0,95,3.0,0,68664.0,0
EMP0998,Sales,Region_7,Bachelor's,Male,Direct,82,56.0,67,4.0,0,73623.0,0
EMP0315,Support,Region_4,Master's,Female,Agency,74,45.0,80,5.0,0,69294.0,0
EMP0819,Sales,Region_1,Bachelor's,Female,Agency,58,31.0,98,,0,88967.0,0
EMP0891,Marketing,Region_2,Master's,Male,Referral,26,57.0,65,4.0,0,123040.0,0
EMP0535,Support,Region_4,Bachelor's,Female,Agency,87,34.0,96,4.0,0,52541.0,0
EMP0494,Sales,Region_2,High School,Female,Referral,22,,66,4.0,0,49796.0,0
EMP0812,Support,Region_2,Bachelor's,Female,Agency,90,36.0,52,4.0,0,39417.0,0
EMP0807,R&D,Region_7,Bachelor's,Male,Direct,54,38.0,44,2.0,0,44149.0,0
EMP0382,Marketing,Region_6,Bachelor's,Male,Agency,78,52.0,93,4.0,0,60119.0,0
EMP0888,Sales,Region_1,Bachelor's,Female,Referral,55,47.0,42,1.0,0,40857.0,0
EMP0546,Engineering,Region_6,Bachelor's,Male,Agency,9,36.0,91,5.0,1,36039.0,0
EMP0287,Engineering,Region_2,Master's,Male,Direct,114,48.0,48,3.0,2,62312.0,0
EMP0237,Sales,Region_4,Bachelor's,Female,Referral,99,49.0,85,3.0,1,179620.0,0
EMP0641,Sales,Region_2,Master's,Male,Direct,77,55.0,96,4.0,1,60957.0,0
EMP0417,Sales,Region_4,Bachelor's,Male,Direct,108,,86,5.0,0,88606.0,1
EMP0191,Sales,Region_2,Bachelor's,Male,Direct,23,53.0,44,3.0,0,43837.0,0
EMP0083,Enginering,Region_3,Master's,Female,Agency,113,23.0,49,4.0,2,91395.0,1
EMP0691,Enginering,Region_5,Bachelor's,Male,Direct,101,36.0,68,5.0,0,55345.0,0
EMP0102,Marketing,Region_5,Bachelor's,Male,Agency,112,23.0,63,2.0,0,97840.0,0
EMP0677,Sales,Region_7,nan,Male,Agency,65,41.0,71,4.0,0,97998.0,0
EMP0929,Marketing,Region_4,Bachelor's,Male,Referral,37,54.0,41,4.0,0,89271.0,0
EMP0129,Sales,Region_5,High School,Female,Referral,111,31.0,79,,1,117305.0,0
EMP0465,R&D,Region_6,Bachelor's,Female,Direct,14,39.0,53,4.0,0,45310.0,1
EMP0480,Engineering,Region_1,High School,Female,Agency,106,47.0,41,3.0,0,39814.0,0
EMP0717,Support,Region_7,High School,Male,Direct,56,28.0,78,3.0,0,67095.0,0
EMP0982,Support,Region_1,Bachelor's,Male,Direct,51,58.0,59,3.0,0,52377.0,0
EMP0856,Sales,Region_2,Master's,Male,Agency,57,50.0,98,,0,38580.0,0
EMP0093,Support,Region_3,Bachelor's,Male,Direct,37,52.0,49,1.0,1,50486.0,0
EMP0132,Sales,Region_1,nan,Male,Direct,31,36.0,70,5.0,0,67026.0,0
EMP0512,Engineering,Region_2,nan,Male,Direct,22,38.0,96,5.0,0,52289.0,0
EMP0996,Sales,Region_4,High School,Female,Direct,22,63.0,44,3.0,0,113772.0,0
EMP0573,Enginering,Region_5,Master's,Male,Agency,96,38.0,77,4.0,0,93674.0,0
EMP0761,Sales,Region_3,High School,Male,Referral,109,59.0,70,3.0,0,86426.0,0
EMP0656,Sales,Region_6,High School,Female,Agency,41,47.0,48,2.0,0,82483.0,0
EMP0193,R&D,Region_6,Bachelor's,Male,Referral,34,61.0,69,4.0,0,61446.0,0
EMP0708,Support,Region_5,nan,Male,Direct,70,47.0,47,5.0,0,72153.0,0
EMP0286,Sales,Region_7,Master's,Male,Referral,18,27.0,67,4.0,3,72891.0,0
EMP0969,HR,Region_5,Master's,Male,Referral,30,40.0,67,5.0,0,40439.0,0
EMP0627,Engineering,Region_2,Bachelor's,Male,Agency,2,63.0,44,4.0,0,40070.0,0
EMP0487,Sales,Region_4,PhD,Male,Agency,29,43.0,52,4.0,0,87634.0,0
EMP0779,Marketing,Region_5,Master's,Male,Agency,87,52.0,45,4.0,2,94580.0,0
EMP0844,R&D,Region_3,Master's,Female,Referral,39,50.0,88,3.0,1,66134.0,0
EMP0023,Sales,Region_2,Master's,Male,Agency,87,57.0,81,4.0,2,45061.0,0
EMP0782,Engineering,Region_7,Bachelor's,Male,Referral,13,28.0,89,4.0,0,62367.0,0
EMP0240,Sales,Region_1,Master's,Female,Direct,13,56.0,81,,0,70884.0,0
EMP0169,Sales,Region_1,Master's,Female,Direct,45,46.0,43,5.0,1,46946.0,1
EMP0799,Marketing,Region_4,High School,Female,Direct,1,63.0,43,1.0,0,85955.0,0
EMP0726,Support,Region_2,Bachelor's,Female,Agency,67,53.0,70,3.0,0,69534.0,0
EMP0276,Engineering,Region_1,Bachelor's,Male,Agency,108,60.0,70,4.0,0,45319.0,0
EMP0321,ENGINEERING,Region_6,Bachelor's,Male,Referral,106,57.0,96,3.0,1,88347.0,0
EMP0980,HR,Region_1,High School,Male,Referral,110,26.0,78,1.0,0,134670.0,0
EMP0905,Engineering,Region_5,nan,Male,Direct,42,27.0,46,1.0,0,60686.0,0
EMP0876,Sales,Region_2,Master's,Female,Referral,77,39.0,84,4.0,0,80791.0,0
EMP0338,Marketing,Region_2,Master's,Female,Direct,65,54.0,75,4.0,2,70965.0,1
EMP0824,Engineering,Region_1,Bachelor's,Male,Referral,66,62.0,76,5.0,0,43992.0,1
EMP0655,Engineering,Region_1,Bachelor's,Male,Referral,27,42.0,99,3.0,0,37555.0,0
EMP0901,Sales,Region_2,High School,Female,Agency,46,29.0,47,,1,67644.0,0
EMP0622,Sales,Region_7,Master's,Male,Direct,113,57.0,79,4.0,0,51234.0,0
EMP0530,Support,Region_2,Bachelor's,Male,Agency,4,36.0,97,3.0,0,116556.0,1
EMP0432,Support,Region_5,High School,Male,Referral,27,37.0,96,1.0,0,57544.0,0
EMP0358,HR,Region_3,Master's,Male,Referral,74,30.0,80,,3,42367.0,0
EMP0252,Engineering,Region_1,Master's,Male,Direct,92,29.0,40,2.0,0,82360.0,0
EMP0130,Engineering,Region_6,High School,Male,Direct,34,49.0,62,3.0,0,45687.0,0
EMP0323,Marketing,Region_4,nan,Female,Agency,43,64.0,77,5.0,0,104144.0,0
EMP0296,Engineering,Region_5,Bachelor's,Female,Referral,23,58.0,44,4.0,0,86044.0,0
EMP0675,Engineering,Region_5,High School,Female,Direct,60,43.0,98,5.0,2,61121.0,1
EMP0741,Engineering,Region_1,Master's,Male,Direct,70,,81,5.0,0,114102.0,0
EMP0674,Engineering,Region_3,Master's,Female,Referral,39,50.0,86,,0,82661.0,0
EMP0188,HR,Region_3,nan,Female,Referral,86,39.0,57,4.0,0,98535.0,0
EMP0343,Sales,Region_4,Bachelor's,Male,Referral,11,55.0,75,,1,58269.0,0
EMP0144,Engineering,Region_4,Bachelor's,Female,Direct,63,25.0,74,3.0,0,42151.0,0
EMP0502,Engineering,Region_4,Bachelor's,Male,Referral,45,59.0,78,4.0,0,281608.4665040033,0
EMP0926,Sales,Region_5,Master's,Male,Direct,43,51.0,85,2.0,0,47057.0,0
EMP0521,HR,Region_3,Master's,Male,Referral,38,38.0,72,3.0,0,44872.0,0
EMP0687,HR,Region_3,Master's,Male,Agency,66,59.0,57,,1,42644.0,0
EMP0272,Support,Region_5,PhD,Female,Agency,45,44.0,69,3.0,1,108071.0,0
EMP0314,R&D,Region_7,Master's,Male,Referral,101,54.0,95,3.0,0,61409.0,0
EMP0665,Sales,Region_2,High School,Male,Referral,73,59.0,84,3.0,2,69845.0,0
EMP0075,Marketing,Region_2,Master's,Male,Agency,23,60.0,40,4.0,0,44587.0,0
EMP0166,Support,Region_2,Bachelor's,Female,Referral,81,64.0,52,2.0,0,82188.0,0
EMP0148,Engineering,Region_6,High School,Male,Referral,21,44.0,57,3.0,0,70633.0,0
EMP0448,Support,Region_1,Bachelor's,Male,Direct,81,61.0,92,3.0,0,35167.0,0
EMP0581,Engineering,Region_6,Bachelor's,Male,Direct,88,27.0,60,1.0,0,64569.0,0
EMP0263,Sales,Region_1,Bachelor's,Female,Direct,3,44.0,84,2.0,0,132354.0,0
EMP0466,Engineering,Region_7,Bachelor's,Female,Referral,74,44.0,75,2.0,0,98024.0,0
EMP0704,Sales,Region_4,Bachelor's,Female,Agency,34,48.0,48,4.0,0,58926.0,1
EMP0881,Sales,Region_2,Bachelor's,Female,Direct,83,63.0,72,5.0,0,84514.0,0
EMP0119,Support,Region_5,Master's,Male,Agency,61,26.0,81,4.0,0,60527.0,0
EMP0331,Enginering,Region_1,Bachelor's,Female,Direct,83,40.0,51,4.0,2,121265.0,0
EMP0364,Engineering,Region_2,Bachelor's,Female,Direct,87,30.0,55,4.0,2,97770.0,0
EMP0610,Marketing,Region_4,Bachelor's,Female,Agency,26,22.0,58,3.0,0,171835.0,0
EMP0462,Marketing,Region_2,Bachelor's,Female,Direct,30,46.0,69,5.0,1,71950.0,0
EMP0468,Support,Region_6,Master's,Male,Direct,109,50.0,59,5.0,1,54979.0,0
EMP0686,HR,Region_2,Master's,Female,Direct,78,38.0,67,5.0,0,76935.0,0
EMP0316,Marketing,Region_4,Master's,Male,Referral,84,40.0,47,4.0,3,60865.0,0
EMP0941,Sales,Region_1,Bachelor's,Male,Agency,4,30.0,72,,1,91336.0,0
EMP0854,Support,Region_1,Bachelor's,Female,Agency,13,30.0,67,3.0,3,64182.0,0
EMP0575,Support,Region_3,Bachelor's,Female,Agency,16,23.0,94,3.0,0,54442.0,0
EMP0869,Support,Region_6,Bachelor's,Male,Direct,42,40.0,59,2.0,0,102948.0,0
EMP0608,Engineering,Region_4,Bachelor's,Male,Agency,108,22.0,41,3.0,0,76454.0,0
EMP0092,Marketing,Region_3,Bachelor's,Female,Agency,55,54.0,90,3.0,0,51261.0,0
EMP0056,R&D,Region_4,Bachelor's,Male,Referral,25,47.0,68,4.0,0,99603.0,0
EMP0451,Support,Region_4,Master's,Male,Agency,8,49.0,62,3.0,0,104118.0,0
EMP0944,Support,Region_2,High School,Female,Referral,49,34.0,86,1.0,1,108098.0,0
EMP0773,Sales,Region_4,Bachelor's,Male,Agency,17,62.0,97,,0,101518.0,0
EMP0048,Enginering,Region_2,Bachelor's,Male,Direct,97,51.0,92,3.0,0,143304.0,0
EMP0180,Sales,Region_7,High School,Female,Agency,13,26.0,55,4.0,0,74454.0,0
EMP0257,R&D,Region_3,Master's,Female,Direct,90,42.0,76,3.0,0,89625.0,0
EMP0371,Sales,Region_7,Master's,Male,Direct,111,26.0,78,3.0,0,78198.0,0
EMP0965,Sales,Region_7,Master's,Male,Direct,36,51.0,93,,0,52608.0,1
EMP0762,Enginering,Region_2,Master's,Male,Referral,27,37.0,90,,4,58732.0,0
EMP0746,Support,Region_2,Bachelor's,Female,Direct,87,47.0,77,3.0,0,35127.0,1
EMP0214,Sales,Region_3,High School,Male,Direct,19,23.0,41,2.0,0,58896.0,0
EMP0277,Support,Region_3,Master's,Female,Agency,115,44.0,92,,2,54708.0,0
EMP0111,Sales,Region_7,Bachelor's,Male,Direct,108,49.0,51,4.0,1,66756.0,0
EMP0107,Engineering,Region_1,Master's,Female,Direct,51,37.0,67,3.0,0,51365.0,0
EMP0402,R&D,Region_1,Bachelor's,Female,Referral,42,60.0,86,4.0,0,84747.0,0
EMP0081,Support,Region_2,Master's,Female,Direct,89,64.0,61,3.0,0,48934.0,0
EMP0389,Support,Region_4,PhD,Male,Direct,75,56.0,43,1.0,0,61508.0,0
EMP0850,HR,Region_7,Bachelor's,Female,Referral,91,41.0,52,5.0,0,57547.0,0
EMP0511,Marketing,Region_2,Bachelor's,Male,Referral,100,62.0,97,3.0,0,62692.0,0
EMP0962,Marketing,Region_4,High School,Male,Direct,29,43.0,62,3.0,1,41750.0,0
EMP0537,Support,Region_7,Master's,Male,Agency,37,55.0,46,3.0,0,44784.0,0
EMP0838,Engineering,Region_6,Master's,Female,Referral,108,51.0,52,3.0,0,125242.0,0
EMP0332,Support,Region_2,Bachelor's,Female,Referral,5,46.0,93,4.0,2,63253.0,0
EMP0563,Sales,Region_5,Bachelor's,Female,Direct,32,46.0,84,4.0,1,168854.0,0
EMP0380,Sales,Region_6,Bachelor's,Male,Direct,41,63.0,85,,0,51628.0,0
EMP0966,Engineering,Region_6,Bachelor's,Male,Referral,14,61.0,77,3.0,0,122445.0,0
EMP0100,Sales,Region_5,Bachelor's,Male,Agency,73,45.0,96,3.0,0,70201.0,0
EMP0572,Support,Region_7,Bachelor's,Female,Direct,17,64.0,84,5.0,0,182153.0,0
EMP0892,Support,Region_5,Bachelor's,Male,Direct,42,28.0,50,4.0,0,97125.0,0
EMP0848,R&D,Region_6,Bachelor's,Female,Referral,19,39.0,41,5.0,0,33112.0,0
EMP0600,Sales,Region_5,Master's,Female,Referral,92,43.0,81,2.0,1,101619.0,0
EMP0458,Engineering,Region_3,Bachelor's,Male,Agency,93,48.0,89,5.0,1,44192.0,0
EMP0080,Sales,Region_6,Bachelor's,Female,Referral,10,54.0,83,3.0,0,79561.0,0
EMP0223,Sales,Region_3,Bachelor's,Female,Referral,20,35.0,79,4.0,0,34154.0,0
EMP0579,ENGINEERING,Region_2,Master's,Male,Referral,31,55.0,84,4.0,0,102493.0,0
EMP0936,Sales,Region_2,Bachelor's,Female,Referral,118,49.0,68,4.0,1,71535.0,0
EMP0538,Sales,Region_3,Master's,Female,Referral,22,45.0,97,5.0,2,51173.0,0
EMP0569,R&D,Region_4,Master's,Female,Agency,66,56.0,79,1.0,0,63353.0,0
EMP0800,R&D,Region_3,Bachelor's,Female,Agency,84,33.0,49,4.0,0,102345.0,0
EMP0993,Sales,Region_4,Bachelor's,Female,Direct,89,32.0,92,4.0,0,115055.0,0
EMP0217,Engineering,Region_4,Master's,Female,Agency,111,34.0,65,4.0,0,67199.0,1
EMP0896,Sales,Region_7,Master's,Female,Direct,98,22.0,49,4.0,0,77388.0,0
EMP0666,Sales,Region_7,PhD,Male,Direct,76,29.0,51,3.0,2,52005.0,0
EMP0918,R&D,Region_7,Bachelor's,Male,Direct,61,47.0,46,5.0,0,111233.0,0
EMP0036,Support,Region_1,Bachelor's,Female,Referral,89,38.0,45,4.0,0,75543.0,0
EMP0556,Engineering,Region_2,nan,Female,Agency,57,35.0,86,,0,207762.34615584987,0
EMP0883,Sales,Region_6,Bachelor's,Female,Agency,39,38.0,79,4.0,0,61136.0,0
EMP0118,Sales,Region_3,Bachelor's,Male,Direct,64,44.0,91,3.0,1,87478.0,0
EMP0060,Enginering,Region_3,Bachelor's,Female,Agency,70,45.0,87,3.0,0,57587.0,0
EMP0760,Support,Region_7,Master's,Male,Agency,5,44.0,80,3.0,0,55155.0,0
EMP0254,Engineering,Region_3,Bachelor's,Male,Agency,62,42.0,50,,0,68573.0,0
EMP0763,Sales,Region_7,High School,Female,Referral,116,35.0,99,4.0,0,46691.0,0
EMP0634,Engineering,Region_3,nan,Male,Referral,25,60.0,43,3.0,0,62775.0,0
EMP0324,Sales,Region_4,High School,Female,Direct,17,55.0,54,4.0,0,57118.0,0
EMP0817,HR,Region_6,Bachelor's,Male,Agency,67,54.0,43,4.0,0,57918.0,0
EMP0972,R&D,Region_3,Master's,Female,Agency,67,48.0,52,,0,59936.0,0
EMP0194,Marketing,Region_1,Bachelor's,Male,Direct,26,53.0,93,,0,55475.0,0
EMP0775,Support,Region_2,High School,Male,Agency,83,44.0,73,4.0,0,57388.0,0
EMP0128,Support,Region_1,Bachelor's,Male,Agency,56,40.0,91,4.0,0,128054.0,0
EMP0849,Engineering,Region_6,nan,Female,Agency,102,63.0,96,3.0,0,50806.0,0
EMP0204,Support,Region_6,Bachelor's,Male,Referral,18,37.0,51,3.0,0,56820.0,0
EMP0737,Engineering,Region_5,Bachelor's,Male,Referral,78,41.0,46,2.0,0,52577.0,0
EMP0870,R&D,Region_2,Bachelor's,Female,Direct,90,47.0,78,3.0,0,132139.0,0
EMP0519,R&D,Region_3,Bachelor's,Female,Direct,115,52.0,75,3.0,0,87936.0,0
EMP0676,R&D,Region_5,Bachelor's,Female,Direct,66,32.0,98,3.0,0,73070.0,0
EMP0297,Support,Region_6,Bachelor's,Male,Agency,69,49.0,73,3.0,0,130496.0,0
EMP0597,Marketing,Region_4,Master's,Male,Referral,96,64.0,95,4.0,0,124967.0,0
EMP0071,Support,Region_5,Bachelor's,Female,Referral,92,58.0,63,1.0,1,80790.0,0
EMP0329,Engineering,Region_4,Master's,Male,Referral,81,40.0,90,3.0,0,50451.0,0
EMP0192,Support,Region_2,Bachelor's,Female,Agency,89,30.0,65,4.0,5,97635.0,1
EMP0403,Engineering,Region_2,High School,Male,Direct,82,61.0,70,3.0,0,75808.0,0
EMP0889,Sales,Region_4,Bachelor's,Female,Agency,78,56.0,95,4.0,0,56034.0,0
EMP0255,Sales,Region_4,Bachelor's,Female,Direct,4,47.0,83,4.0,0,84575.0,0
EMP0478,HR,Region_3,Master's,Female,Agency,19,59.0,98,3.0,0,33950.0,0
EMP0745,Sales,Region_4,Master's,Female,Referral,109,44.0,81,4.0,0,79319.0,0
EMP0606,Engineering,Region_4,Bachelor's,Male,Direct,24,39.0,66,5.0,0,111357.0,1
EMP0590,Sales,Region_5,Bachelor's,Male,Direct,50,58.0,88,5.0,0,56156.0,0
EMP0326,Marketing,Region_4,Master's,Male,Direct,4,37.0,68,4.0,0,36853.0,0
EMP0584,Engineering,Region_3,Bachelor's,Male,Direct,119,46.0,87,,0,81796.0,0
EMP0238,Sales,Region_5,Bachelor's,Male,Direct,32,58.0,89,4.0,0,57153.0,0
EMP0805,Engineering,Region_1,Master's,Male,Agency,39,48.0,45,,0,114491.0,0
EMP0785,Sales,Region_2,PhD,Male,Referral,5,35.0,42,4.0,0,82657.0,0
EMP0923,Support,Region_3,Bachelor's,Female,Agency,102,32.0,45,4.0,0,74618.0,1
EMP0977,HR,Region_5,Master's,Female,Referral,93,32.0,94,4.0,0,85396.0,0
EMP0117,Support,Region_1,Master's,Female,Referral,63,26.0,96,5.0,0,66655.0,0
EMP0823,Engineering,Region_5,Master's,Female,Agency,81,59.0,96,4.0,0,41545.0,0
EMP0631,Marketing,Region_6,Master's,Female,Agency,84,34.0,63,1.0,0,64961.0,0
EMP0846,Engineering,Region_3,Bachelor's,Female,Direct,115,31.0,56,5.0,0,75724.0,1
EMP0508,Support,Region_7,Master's,Female,Agency,62,54.0,48,3.0,0,97097.0,0
EMP0415,Marketing,Region_4,Master's,Female,Direct,6,38.0,55,,0,52848.0,1
EMP0205,Marketing,Region_5,Master's,Female,Direct,4,,41,3.0,5,125497.0,0
EMP0174,Sales,Region_3,Master's,Male,Referral,111,35.0,69,2.0,0,76338.0,1
EMP0604,Sales,Region_4,Master's,Male,Referral,2,59.0,48,4.0,0,72060.0,0
EMP0260,Sales,Region_5,High School,Male,Agency,109,22.0,60,3.0,0,76269.0,0
EMP0908,Engineering,Region_3,Bachelor's,Female,Referral,99,37.0,45,4.0,0,60263.0,0
EMP0722,Sales,Region_5,Bachelor's,Female,Direct,36,35.0,41,4.0,1,50124.0,0
EMP0976,Sales,Region_6,Master's,Female,Agency,116,26.0,44,5.0,0,67292.0,0
EMP0623,Engineering,Region_2,Master's,Male,Referral,54,27.0,84,4.0,5,53969.0,0
EMP0149,Sales,Region_3,nan,Male,Direct,79,37.0,85,4.0,0,90835.0,0
EMP0642,Engineering,Region_4,Bachelor's,Male,Direct,105,25.0,58,3.0,0,50000.0,0
EMP0239,Marketing,Region_5,Master's,Female,Direct,36,47.0,54,,0,67715.0,0
EMP0661,Engineering,Region_6,Bachelor's,Female,Agency,89,27.0,74,5.0,0,96824.0,0
EMP0424,Engineering,Region_3,Master's,Female,Direct,60,56.0,83,2.0,1,138921.0,0
EMP0232,Engineering,Region_2,High School,Male,Referral,17,33.0,49,,1,65892.0,0
EMP0582,R&D,Region_5,Bachelor's,Male,Referral,1,38.0,95,2.0,0,148088.0,0
EMP0103,Engineering,Region_4,Master's,Male,Referral,2,27.0,72,4.0,0,73754.0,0
EMP0725,HR,Region_6,Bachelor's,Male,Agency,38,28.0,61,5.0,0,46054.0,0
EMP0207,Sales,Region_3,nan,Female,Referral,14,51.0,83,5.0,0,57729.0,0
EMP0160,Marketing,Region_7,Bachelor's,Male,Direct,17,62.0,41,,1,109413.0,0
EMP0491,ENGINEERING,Region_2,Bachelor's,Male,Referral,63,50.0,49,4.0,2,55654.0,0
EMP0423,Sales,Region_7,Master's,Male,Direct,76,24.0,69,1.0,0,44273.0,0
EMP0697,Sales,Region_5,Bachelor's,Male,Agency,10,22.0,73,4.0,1,77069.0,0
EMP0644,Engineering,Region_7,Master's,Male,Agency,42,28.0,57,5.0,0,58068.0,0
EMP0044,R&D,Region_6,Master's,Female,Direct,116,43.0,47,4.0,0,104003.0,0
EMP0410,Sales,Region_1,Bachelor's,Female,Referral,99,26.0,94,5.0,0,72189.0,0
EMP0143,Engineering,Region_3,Master's,Male,Agency,65,41.0,59,3.0,0,58100.0,0
EMP0334,Sales,Region_1,Bachelor's,Female,Agency,86,30.0,70,,0,68273.0,0
EMP0341,ENGINEERING,Region_7,Bachelor's,Female,Agency,112,61.0,51,4.0,0,128643.0,0
EMP0032,Sales,Region_6,High School,Female,Referral,55,56.0,51,2.0,0,78258.0,0
EMP0731,Sales,Region_2,High School,Male,Direct,59,58.0,94,3.0,0,116895.0,0
EMP0693,Engineering,Region_4,Bachelor's,Female,Agency,84,24.0,83,3.0,0,118564.0,0
EMP0283,Engineering,Region_5,Master's,Female,Direct,30,28.0,76,5.0,0,103616.0,0
EMP0645,Sales,Region_2,Master's,Female,Direct,47,39.0,56,3.0,2,70243.0,0
EMP0298,Sales,Region_3,nan,Male,Direct,94,38.0,85,,2,110864.0,0
EMP0547,Sales,Region_2,Master's,Female,Agency,106,35.0,59,3.0,0,107894.0,1
EMP0073,Sales,Region_1,PhD,Male,Referral,86,51.0,46,3.0,1,66632.0,0
EMP0414,HR,Region_7,Bachelor's,Female,Agency,16,41.0,65,2.0,0,88878.0,0
EMP0091,Sales,Region_2,Bachelor's,Male,Referral,53,58.0,63,4.0,0,143144.0,0
EMP0353,Marketing,Region_1,Bachelor's,Female,Agency,18,63.0,73,3.0,0,80972.0,1
EMP0911,HR,Region_5,Master's,Male,Referral,59,35.0,59,5.0,0,50766.0,0
EMP0685,R&D,Region_3,PhD,Male,Agency,57,39.0,66,5.0,0,36924.0,0
EMP0648,Marketing,Region_6,Master's,Female,Direct,80,61.0,50,3.0,0,69312.0,0
EMP0589,Sales,Region_3,Bachelor's,Male,Referral,111,62.0,52,2.0,0,73473.0,0
EMP0601,Sales,Region_7,Bachelor's,Female,Agency,53,43.0,81,3.0,0,59684.0,0
EMP0406,Support,Region_7,Bachelor's,Female,Referral,16,44.0,87,5.0,3,53945.0,1
EMP0650,Engineering,Region_7,Master's,Male,Agency,22,43.0,62,4.0,0,60293.0,0
EMP0816,Engineering,Region_2,PhD,Male,Direct,46,47.0,77,5.0,2,102075.0,0
EMP0835,Engineering,Region_4,High School,Male,Agency,35,25.0,43,3.0,0,81950.0,1
EMP0218,Marketing,Region_2,Master's,Male,Agency,108,32.0,65,4.0,1,66562.0,0
EMP0236,Marketing,Region_5,Bachelor's,Female,Direct,65,40.0,92,3.0,0,74042.0,0
EMP0653,HR,Region_6,Bachelor's,Female,Agency,114,64.0,54,3.0,0,132370.0,0
EMP0899,Sales,Region_6,Bachelor's,Male,Referral,64,37.0,73,3.0,0,38726.0,0
EMP0373,Sales,Region_7,High School,Male,Agency,74,41.0,65,5.0,0,34348.0,0
EMP0498,Sales,Region_5,High School,Male,Referral,69,48.0,47,,0,51743.0,0
EMP0059,Sales,Region_2,Master's,Female,Referral,5,29.0,53,5.0,0,106389.0,0
EMP0767,Support,Region_7,Master's,Female,Direct,79,36.0,94,4.0,0,122470.0,1
EMP0501,Marketing,Region_5,Bachelor's,Male,Agency,30,37.0,88,5.0,0,54730.0,0
EMP0325,R&D,Region_2,Bachelor's,Female,Referral,96,46.0,44,3.0,0,46598.0,0
EMP0938,R&D,Region_6,Bachelor's,Male,Direct,57,61.0,76,3.0,0,83415.0,0
EMP0804,Marketing,Region_1,Master's,Female,Agency,75,36.0,91,4.0,2,44734.0,0
EMP0714,Engineering,Region_1,Bachelor's,Male,Direct,80,64.0,67,2.0,0,211512.0,0
EMP0249,R&D,Region_3,nan,Female,Agency,40,37.0,75,3.0,0,60943.0,0
EMP0293,Support,Region_4,Master's,Female,Referral,98,34.0,67,3.0,0,34506.0,0
EMP0262,R&D,Region_5,Master's,Male,Agency,31,44.0,84,2.0,0,90376.0,0
EMP0964,Engineering,Region_6,Master's,Male,Agency,97,33.0,55,4.0,0,83373.0,0
EMP0097,Enginering,Region_5,Bachelor's,Male,Direct,102,25.0,95,4.0,0,117670.0,0
EMP0453,Engineering,Region_6,Master's,Male,Direct,90,40.0,55,4.0,0,33837.0,1
EMP0164,ENGINEERING,Region_5,Bachelor's,Male,Direct,17,22.0,72,3.0,0,113330.0,0
EMP0282,Engineering,Region_3,Master's,Male,Referral,99,63.0,65,4.0,0,43578.0,0
EMP0469,Sales,Region_3,Bachelor's,Male,Direct,52,46.0,91,5.0,3,143698.0,0
EMP0609,Engineering,Region_6,Master's,Male,Referral,19,54.0,75,3.0,0,37097.0,0
EMP0179,R&D,Region_7,Bachelor's,Male,Referral,27,27.0,93,4.0,2,59958.0,0
EMP0300,Sales,Region_1,High School,Male,Agency,56,62.0,52,5.0,0,112852.0,0
EMP0038,Sales,Region_2,High School,Female,Referral,30,47.0,90,4.0,0,55444.0,0
EMP0039,Marketing,Region_3,Bachelor's,Female,Direct,3,60.0,50,2.0,0,90079.0,0
EMP0764,Marketing,Region_4,Bachelor's,Male,Direct,87,50.0,98,4.0,0,48837.0,0
EMP0988,Engineering,Region_2,High School,Male,Agency,118,38.0,66,5.0,0,70697.0,0
EMP0505,Marketing,Region_7,Bachelor's,Male,Direct,34,,69,5.0,1,117930.0,1
EMP0250,Support,Region_5,Bachelor's,Female,Direct,59,49.0,60,5.0,0,90152.0,0
EMP0292,Sales,Region_5,Master's,Male,Referral,60,61.0,93,3.0,0,98283.0,0
EMP0388,Sales,Region_4,nan,Female,Agency,99,32.0,61,3.0,1,80533.0,1
EMP0028,Engineering,Region_5,Master's,Male,Direct,87,39.0,57,3.0,2,50068.0,0
EMP0015,Sales,Region_4,Bachelor's,Male,Agency,35,22.0,90,5.0,0,50871.0,0
EMP0335,Sales,Region_6,High School,Male,Direct,70,22.0,57,5.0,0,118852.0,0
EMP0012,R&D,Region_1,Master's,Male,Direct,80,64.0,56,1.0,0,149082.0,0
EMP0425,Sales,Region_6,Bachelor's,Female,Referral,77,39.0,69,4.0,0,62977.0,1
EMP0295,Sales,Region_2,Master's,Female,Referral,45,41.0,74,3.0,0,215506.0,0
EMP0050,Sales,Region_2,nan,Male,Direct,38,39.0,49,4.0,1,114020.0,0
EMP0793,Engineering,Region_2,Bachelor's,Female,Agency,45,51.0,87,3.0,0,66003.0,1
EMP0393,Engineering,Region_5,Master's,Male,Agency,86,57.0,43,3.0,0,143510.0,0
EMP0531,Support,Region_4,Master's,Female,Agency,50,57.0,83,3.0,0,42417.0,0
EMP0950,HR,Region_4,High School,Female,Agency,105,24.0,92,1.0,0,138514.0,0
EMP0493,Sales,Region_1,Bachelor's,Male,Agency,2,25.0,77,2.0,0,165927.0,0
EMP0140,R&D,Region_5,Master's,Female,Agency,101,24.0,72,4.0,1,75976.0,1
EMP0161,Engineering,Region_6,nan,Female,Referral,118,43.0,97,4.0,1,55033.0,0
EMP0599,Sales,Region_6,nan,Male,Agency,47,43.0,93,2.0,3,48237.0,0
EMP0351,Engineering,Region_5,Bachelor's,Female,Referral,14,60.0,96,2.0,0,75098.0,0
EMP0450,Sales,Region_1,Bachelor's,Female,Direct,85,39.0,54,4.0,0,76980.0,0
EMP0245,Sales,Region_3,Master's,Male,Referral,112,59.0,71,,0,75552.0,1
EMP0475,Engineering,Region_1,Bachelor's,Male,Agency,47,49.0,83,4.0,0,60680.0,0
EMP0426,ENGINEERING,Region_2,Master's,Male,Referral,4,32.0,75,4.0,0,137218.0,0
EMP0496,Engineering,Region_1,Master's,Female,Direct,16,61.0,90,,0,47121.0,0
EMP0444,Engineering,Region_6,High School,Female,Agency,13,51.0,70,5.0,2,47826.0,0
EMP0765,Sales,Region_6,High School,Male,Agency,104,47.0,94,4.0,0,136321.0,0
EMP0141,R&D,Region_5,Bachelor's,Female,Direct,111,29.0,76,5.0,0,112169.0,0
EMP0443,Engineering,Region_1,Bachelor's,Male,Agency,12,28.0,83,4.0,0,48427.0,1
EMP0942,HR,Region_5,Master's,Female,Agency,75,44.0,61,2.0,0,50700.0,0
EMP0330,Sales,Region_6,Master's,Female,Referral,41,44.0,49,,0,71145.0,0
EMP0727,Sales,Region_1,Bachelor's,Male,Direct,23,40.0,62,5.0,0,51325.0,0
EMP0018,ENGINEERING,Region_2,nan,Female,Direct,53,30.0,78,2.0,0,82358.0,0
EMP0958,Sales,Region_2,Master's,Female,Agency,57,55.0,98,5.0,5,62723.0,0
EMP0064,Engineering,Region_7,Master's,Female,Agency,108,39.0,61,3.0,0,51411.0,0
EMP0305,Marketing,Region_5,Bachelor's,Male,Agency,23,32.0,97,1.0,2,63880.0,0
EMP0421,Support,Region_5,Bachelor's,Female,Agency,48,63.0,43,3.0,0,67104.0,0
EMP0349,Engineering,Region_4,Master's,Male,Direct,76,62.0,82,2.0,0,80086.0,0
EMP0198,Support,Region_5,Bachelor's,Male,Direct,20,25.0,42,5.0,0,111896.0,0
EMP0706,R&D,Region_1,Bachelor's,Female,Referral,76,37.0,48,3.0,0,54164.0,0
EMP0279,Marketing,Region_7,Bachelor's,Female,Agency,106,39.0,64,5.0,0,112786.0,0
EMP0919,Support,Region_4,nan,Female,Agency,68,41.0,78,4.0,1,98783.0,0
EMP0186,Marketing,Region_1,High School,Female,Agency,6,35.0,96,4.0,2,113962.0,0
EMP0912,Sales,Region_4,Bachelor's,Female,Referral,52,64.0,96,2.0,0,57409.0,0
EMP0177,Marketing,Region_5,High School,Female,Agency,15,,62,5.0,0,61031.0,0
EMP0274,R&D,Region_5,Bachelor's,Female,Direct,8,54.0,79,2.0,0,58482.0,0
EMP0361,Engineering,Region_2,Bachelor's,Male,Referral,69,25.0,54,4.0,0,37342.0,0
EMP0514,Support,Region_2,High School,Female,Agency,52,26.0,91,3.0,0,39874.0,0
EMP0548,Marketing,Region_7,Master's,Female,Agency,95,50.0,77,4.0,0,60888.0,0
EMP0442,R&D,Region_7,High School,Female,Direct,104,57.0,70,4.0,0,46984.0,0
EMP0733,Marketing,Region_1,Bachelor's,Male,Agency,68,27.0,54,5.0,0,30556.0,0
EMP0756,Support,Region_5,Master's,Male,Agency,54,26.0,97,5.0,0,79968.0,0
EMP0176,Sales,Region_5,Master's,Male,Agency,61,57.0,97,,1,89729.0,0
EMP0506,Sales,Region_2,Bachelor's,Female,Direct,13,32.0,60,5.0,2,50691.0,0
EMP0916,Engineering,Region_3,PhD,Female,Agency,11,28.0,64,5.0,0,116774.0,0
EMP0368,R&D,Region_3,Master's,Male,Agency,98,37.0,73,,0,40345.0,0
EMP0024,Engineering,Region_7,Master's,Male,Referral,95,64.0,60,,0,54440.0,0
EMP0333,Sales,Region_6,Master's,Female,Agency,32,37.0,43,4.0,0,40809.0,0
EMP0828,Engineering,Region_1,Master's,Male,Referral,8,38.0,74,4.0,0,110370.0,0
EMP0973,Marketing,Region_5,Master's,Female,Direct,80,64.0,80,1.0,0,71724.0,0
EMP0212,Marketing,Region_5,Bachelor's,Female,Direct,119,39.0,61,4.0,2,63029.0,0
EMP0002,R&D,Region_4,Master's,Male,Direct,64,31.0,51,4.0,0,183243.0,0
EMP0540,Sales,Region_7,Master's,Male,Direct,68,53.0,60,4.0,0,106960.0,0
EMP0429,Engineering,Region_3,Master's,Male,Direct,2,40.0,88,,2,69104.0,0
EMP0114,Support,Region_5,Bachelor's,Female,Direct,90,30.0,66,5.0,0,106599.0,1
EMP0096,Engineering,Region_4,PhD,Female,Direct,109,39.0,60,4.0,1,72800.0,0
EMP0568,Engineering,Region_6,Master's,Male,Agency,2,43.0,80,2.0,0,35087.0,0
EMP0647,HR,Region_6,nan,Male,Direct,118,28.0,63,4.0,0,95264.0,0
EMP0404,Support,Region_4,High School,Female,Agency,54,60.0,86,3.0,0,109767.0,0
EMP0121,Support,Region_6,Bachelor's,Female,Agency,92,53.0,81,,0,66801.0,1
EMP0671,Sales,Region_1,Bachelor's,Male,Referral,98,43.0,84,2.0,1,94343.0,0
EMP0337,Support,Region_3,High School,Male,Agency,22,40.0,79,4.0,0,131961.0,0
EMP0308,Engineering,Region_3,Master's,Female,Referral,106,32.0,81,4.0,2,43343.0,0
EMP0571,Engineering,Region_5,Master's,Female,Direct,88,37.0,64,5.0,0,40815.0,0
EMP0066,Engineering,Region_4,Master's,Female,Agency,87,58.0,83,3.0,0,131408.0,0
EMP0158,Support,Region_4,Master's,Female,Direct,47,59.0,88,,0,84416.0,0
EMP0356,Marketing,Region_7,Master's,Male,Direct,73,39.0,43,3.0,0,57417.0,0
EMP0464,HR,Region_2,Bachelor's,Female,Referral,16,45.0,57,4.0,0,59497.0,0
EMP0049,Engineering,Region_3,Master's,Female,Agency,116,57.0,75,2.0,0,133793.0,0
EMP0354,Sales,Region_6,Master's,Male,Direct,113,31.0,80,5.0,1,139383.0,0
EMP0019,Engineering,Region_1,Bachelor's,Male,Referral,44,56.0,43,5.0,0,122749.79888813497,0
EMP0882,Marketing,Region_2,High School,Female,Referral,112,40.0,96,4.0,1,37146.0,0
EMP0971,Marketing,Region_7,Bachelor's,Female,Direct,17,41.0,69,2.0,0,77274.0,0
EMP0940,HR,Region_2,Master's,Male,Referral,118,63.0,91,3.0,0,65118.0,0
EMP0172,Sales,Region_1,Bachelor's,Male,Agency,110,38.0,57,4.0,0,82429.0,0
EMP0008,Support,Region_7,Bachelor's,Male,Direct,5,55.0,80,,0,33644.0,0
EMP0777,Sales,Region_1,Bachelor's,Male,Agency,54,24.0,54,1.0,0,35431.0,0
EMP0957,Engineering,Region_1,Bachelor's,Female,Direct,111,40.0,81,2.0,1,51599.0,0
EMP0230,Marketing,Region_5,Master's,Female,Agency,24,40.0,44,2.0,0,32783.0,0
EMP0886,Sales,Region_5,Bachelor's,Male,Referral,79,24.0,84,4.0,0,72635.0,0
EMP0098,Engineering,Region_6,nan,Male,Direct,93,55.0,45,4.0,1,55816.0,0
EMP0197,Marketing,Region_6,Bachelor's,Female,Direct,90,54.0,68,3.0,0,35121.0,0
EMP0990,Support,Region_2,Bachelor's,Female,Referral,38,42.0,46,3.0,4,121794.0,0
EMP0682,Sales,Region_7,Bachelor's,Male,Direct,27,22.0,87,5.0,0,68388.0,0
EMP0840,Marketing,Region_2,Bachelor's,Male,Agency,84,32.0,45,4.0,0,63703.0,0
EMP0845,Sales,Region_5,Bachelor's,Female,Referral,4,45.0,74,3.0,0,155865.0,0
EMP0077,Support,Region_5,Master's,Female,Agency,67,42.0,77,5.0,0,79649.0,0
EMP0122,Support,Region_2,Master's,Male,Referral,94,31.0,65,1.0,1,43541.0,0
EMP0477,Sales,Region_6,Bachelor's,Female,Agency,52,32.0,43,4.0,0,50062.0,0
EMP0867,Sales,Region_3,Bachelor's,Male,Referral,116,49.0,63,,0,94612.0,0
EMP0987,Marketing,Region_5,PhD,Male,Agency,64,27.0,84,3.0,0,139264.0,0
EMP0106,Sales,Region_7,Master's,Female,Direct,60,42.0,95,4.0,0,49157.0,0
EMP0488,Sales,Region_4,Master's,Female,Direct,20,28.0,78,2.0,0,51830.0,0
EMP0659,Marketing,Region_5,Bachelor's,Male,Referral,32,33.0,63,3.0,0,52103.0,0
EMP0199,Support,Region_5,Bachelor's,Female,Agency,6,55.0,65,2.0,0,69496.0,0
EMP0301,Sales,Region_1,Bachelor's,Male,Referral,110,23.0,78,3.0,0,122636.0,0
EMP0591,Sales,Region_5,Bachelor's,Male,Agency,12,61.0,62,5.0,2,72728.0,0
EMP0456,Engineering,Region_5,PhD,Female,Direct,28,34.0,54,3.0,0,54479.0,0
EMP0306,R&D,Region_3,Bachelor's,Female,Agency,6,59.0,53,4.0,0,127485.0,0
EMP0903,Sales,Region_3,Bachelor's,Female,Agency,102,60.0,50,4.0,0,82331.0,0
EMP1000,Engineering,Region_1,Bachelor's,Female,Direct,41,35.0,92,1.0,0,119693.0,0
EMP0251,Sales,Region_5,Master's,Female,Direct,80,56.0,45,3.0,0,69067.0,0
EMP0067,Sales,Region_7,Master's,Female,Referral,68,51.0,89,2.0,0,144298.0,0
EMP0422,Support,Region_5,Bachelor's,Female,Referral,42,27.0,55,,0,64125.0,0
EMP0291,Sales,Region_5,Bachelor's,Female,Agency,39,,91,5.0,2,81920.0,0
EMP0228,Engineering,Region_6,High School,Male,Referral,44,43.0,76,3.0,0,97835.0,0
EMP0931,Sales,Region_3,Master's,Female,Direct,53,35.0,59,3.0,0,33760.0,0
EMP0089,Support,Region_5,PhD,Male,Direct,5,39.0,89,3.0,0,68080.0,0
EMP0992,Marketing,Region_5,High School,Male,Agency,87,42.0,86,2.0,0,87708.0,0
EMP0970,Enginering,Region_2,Master's,Male,Agency,92,27.0,41,3.0,0,84888.0,1
EMP0688,Sales,Region_6,Master's,Female,Direct,29,35.0,98,2.0,2,121149.0,0
EMP0658,Engineering,Region_4,High School,Male,Agency,34,30.0,67,2.0,0,133154.0,0
EMP0045,Sales,Region_4,Master's,Female,Direct,86,32.0,97,4.0,2,190801.0,0
EMP0441,Sales,Region_6,Master's,Female,Direct,63,59.0,43,2.0,2,60223.0,0
EMP0247,Engineering,Region_3,High School,Male,Agency,111,44.0,54,3.0,0,83254.0,0
EMP0137,ENGINEERING,Region_4,Bachelor's,Male,Direct,55,34.0,41,3.0,0,198046.0,0
EMP0243,R&D,Region_6,High School,Male,Referral,14,61.0,79,2.0,3,38532.0,1
EMP0852,Marketing,Region_5,High School,Male,Direct,43,39.0,41,5.0,0,58394.0,0
EMP0879,Sales,Region_3,Bachelor's,Male,Direct,20,23.0,95,5.0,0,39193.0,0
EMP0832,Engineering,Region_5,Master's,Male,Direct,33,53.0,64,4.0,0,33091.0,0
EMP0065,Sales,Region_7,Bachelor's,Female,Referral,47,52.0,60,4.0,0,41703.0,0
EMP0836,Engineering,Region_6,Bachelor's,Male,Agency,69,38.0,85,4.0,0,56108.0,0
EMP0984,Sales,Region_2,Bachelor's,Male,Agency,106,36.0,66,5.0,0,200158.0,0
EMP0624,ENGINEERING,Region_4,Bachelor's,Female,Agency,66,37.0,43,3.0,0,76283.0,0
EMP0831,Sales,Region_2,High School,Male,Agency,51,23.0,83,4.0,0,156178.0,0
EMP0640,Engineering,Region_3,Bachelor's,Male,Direct,97,51.0,81,,0,157729.0,0
EMP0124,Sales,Region_2,Bachelor's,Male,Direct,103,36.0,50,3.0,0,62565.0,0
EMP0253,Support,Region_6,Bachelor's,Male,Agency,16,43.0,43,3.0,0,87521.0,0
EMP0213,Marketing,Region_1,Master's,Female,Referral,15,39.0,51,3.0,3,98180.0,1
EMP0318,Sales,Region_6,Bachelor's,Female,Referral,112,45.0,90,3.0,0,61646.0,0
EMP0171,Marketing,Region_1,Bachelor's,Female,Direct,35,46.0,58,2.0,0,66777.0,0
EMP0221,Marketing,Region_1,Master's,Male,Agency,35,60.0,55,1.0,0,241200.0,0
EMP0734,Enginering,Region_7,Master's,Female,Direct,21,43.0,63,3.0,0,54197.0,0
EMP0516,Sales,Region_7,Bachelor's,Female,Agency,36,24.0,77,3.0,0,113547.0,0
EMP0945,Sales,Region_1,Master's,Male,Referral,7,44.0,44,3.0,0,57526.0,0
EMP0921,Support,Region_5,Master's,Male,Agency,12,25.0,84,4.0,0,61051.0,0
EMP0175,Marketing,Region_6,Master's,Male,Agency,72,62.0,58,3.0,3,111326.0,0
EMP0935,Sales,Region_3,Master's,Male,Referral,89,42.0,88,3.0,0,96006.0,0
EMP0946,Sales,Region_6,Bachelor's,Female,Agency,110,38.0,78,5.0,0,91765.0,1
EMP0113,R&D,Region_4,Master's,Male,Direct,39,49.0,81,4.0,0,76469.0,0
EMP0598,Sales,Region_1,Bachelor's,Male,Referral,65,57.0,46,4.0,0,38744.0,0
EMP0294,Engineering,Region_7,Master's,Female,Referral,43,44.0,95,4.0,0,98729.0,0
EMP0312,Sales,Region_1,Bachelor's,Female,Referral,96,24.0,72,3.0,0,153630.0,0
EMP0153,Sales,Region_1,Bachelor's,Female,Direct,99,35.0,83,5.0,2,81789.0,0
EMP0825,Engineering,Region_5,Bachelor's,Female,Agency,29,45.0,79,,0,44453.0,0
EMP0522,Enginering,Region_3,Master's,Female,Agency,70,45.0,52,1.0,0,110303.0,0
EMP0533,R&D,Region_4,Bachelor's,Male,Agency,5,36.0,70,5.0,0,70657.0,0
EMP0042,Engineering,Region_2,Bachelor's,Female,Direct,84,51.0,48,4.0,0,37410.0,0
EMP0592,Marketing,Region_6,Bachelor's,Female,Agency,95,30.0,48,3.0,0,82511.0,1
EMP0632,Support,Region_5,Bachelor's,Female,Direct,38,58.0,68,5.0,2,67688.0,0
EMP0860,Sales,Region_3,Bachelor's,Male,Agency,111,41.0,82,3.0,1,59956.0,0
EMP0311,Engineering,Region_2,Bachelor's,Male,Referral,40,61.0,92,4.0,0,62549.0,0
EMP0381,Sales,Region_4,Bachelor's,Male,Agency,25,31.0,81,3.0,2,60210.0,0
EMP0489,R&D,Region_1,Master's,Male,Direct,25,30.0,44,3.0,0,85406.0,0
EMP0826,R&D,Region_5,Bachelor's,Female,Referral,84,61.0,87,5.0,0,62085.0,0
EMP0206,Sales,Region_2,Master's,Female,Agency,17,60.0,50,3.0,0,71418.0,0
EMP0730,Sales,Region_4,Bachelor's,Female,Direct,16,38.0,77,4.0,0,70416.0,0
EMP0375,Sales,Region_5,Bachelor's,Female,Agency,106,39.0,87,4.0,0,138504.0,0
EMP0384,Support,Region_3,High School,Female,Agency,116,29.0,65,3.0,0,49744.0,0
EMP0904,HR,Region_3,Bachelor's,Female,Agency,113,49.0,84,3.0,0,52241.0,0
EMP0744,Engineering,Region_6,Bachelor's,Female,Direct,81,44.0,89,2.0,0,47504.0,0
EMP0051,R&D,Region_7,Master's,Female,Direct,15,47.0,60,1.0,0,83678.0,0
EMP0995,Engineering,Region_3,Master's,Male,Direct,7,29.0,77,2.0,1,60406.0,0
EMP0418,Engineering,Region_6,Bachelor's,Male,Referral,107,34.0,52,3.0,0,112841.0,0
EMP0705,Sales,Region_4,Bachelor's,Female,Direct,58,42.0,98,5.0,0,49738.0,0
EMP0755,Sales,Region_2,Master's,Male,Direct,41,48.0,83,4.0,0,134879.0,0
EMP0079,Engineering,Region_4,Master's,Female,Referral,114,50.0,93,3.0,0,55427.0,0
EMP0792,HR,Region_6,Bachelor's,Female,Direct,66,55.0,68,2.0,0,68220.0,0
EMP0397,Support,Region_3,Bachelor's,Female,Referral,81,31.0,88,2.0,0,31135.0,1
EMP0999,R&D,Region_2,Bachelor's,Female,Referral,113,35.0,73,4.0,0,69827.0,0
EMP0136,ENGINEERING,Region_4,Bachelor's,Male,Direct,1,59.0,60,4.0,0,45340.0,0
EMP0014,Sales,Region_1,Bachelor's,Male,Referral,15,25.0,70,4.0,0,85677.0,0
EMP0365,R&D,Region_5,Bachelor's,Female,Referral,30,47.0,51,3.0,0,111090.0,1
EMP0078,Sales,Region_2,High School,Male,Agency,40,33.0,77,4.0,0,52522.0,0
EMP0660,HR,Region_7,Bachelor's,Male,Agency,90,63.0,99,3.0,0,49293.0,0
EMP0724,Marketing,Region_2,Master's,Female,Agency,18,37.0,53,3.0,0,64795.0,1
EMP0346,Marketing,Region_3,nan,Female,Agency,3,42.0,48,4.0,0,80404.0,0
EMP0633,Engineering,Region_4,Bachelor's,Male,Direct,28,64.0,48,5.0,0,75068.0,0
EMP0900,Sales,Region_6,Bachelor's,Female,Direct,6,37.0,42,3.0,0,46091.0,0
EMP0269,Engineering,Region_6,Master's,Female,Agency,31,34.0,62,4.0,3,90196.0,0
EMP0636,Engineering,Region_2,Bachelor's,Female,Direct,10,38.0,63,2.0,0,67029.0,0
EMP0951,Marketing,Region_2,Bachelor's,Male,Agency,87,33.0,76,2.0,0,114619.0,0
EMP0586,Sales,Region_4,Master's,Female,Direct,4,26.0,45,5.0,0,62466.0,1
EMP0459,Sales,Region_5,Bachelor's,Male,Agency,47,31.0,76,,0,106629.0,0
EMP0791,Sales,Region_2,High School,Female,Direct,22,47.0,51,3.0,0,133103.0,1
EMP0387,Sales,Region_6,Master's,Male,Direct,10,51.0,62,3.0,1,48159.0,0
EMP0063,Support,Region_2,Bachelor's,Female,Direct,112,58.0,60,5.0,0,154631.0,0
EMP0088,Marketing,Region_7,High School,Female,Agency,64,64.0,90,5.0,0,50070.0,0
EMP0815,Support,Region_2,Master's,Female,Direct,20,43.0,63,4.0,0,102634.0,0
EMP0947,Sales,Region_3,Bachelor's,Male,Direct,11,23.0,57,3.0,0,86337.0,1
EMP0544,Marketing,Region_6,Bachelor's,Male,Direct,77,22.0,85,5.0,0,337372.7518146151,0
EMP0728,Support,Region_7,High School,Female,Direct,96,23.0,87,4.0,0,133255.0,0
EMP0350,Marketing,Region_7,Master's,Female,Direct,87,64.0,74,3.0,0,147202.0,0
EMP0798,HR,Region_1,Bachelor's,Male,Agency,119,31.0,41,4.0,0,64762.0,1
EMP0814,R&D,Region_4,Master's,Female,Referral,99,44.0,60,3.0,0,74678.0,0
EMP0652,Engineering,Region_5,Master's,Female,Direct,84,25.0,40,,0,56843.0,0
EMP0266,Marketing,Region_4,Bachelor's,Male,Direct,24,44.0,78,4.0,0,31417.0,0
EMP0797,R&D,Region_7,Bachelor's,Male,Referral,72,54.0,95,1.0,0,122532.0,0
EMP0811,R&D,Region_1,Master's,Female,Direct,54,34.0,66,4.0,0,81892.0,0
EMP0339,Engineering,Region_2,Bachelor's,Female,Referral,84,55.0,64,4.0,2,98914.0,0
EMP0099,Sales,Region_1,Master's,Male,Agency,69,50.0,60,3.0,0,57910.0,0
EMP0771,Sales,Region_2,Bachelor's,Female,Direct,31,55.0,77,2.0,0,96965.0,0
EMP0614,Sales,Region_3,Bachelor's,Female,Direct,43,39.0,57,,0,60451.0,0
EMP0031,Marketing,Region_7,High School,Male,Referral,48,37.0,41,4.0,0,188946.0,0
EMP0185,Sales,Region_2,Bachelor's,Male,Referral,60,64.0,92,1.0,0,108965.0,0
EMP0226,Sales,Region_4,Bachelor's,Male,Referral,251,22.0,71,3.0,0,39593.0,0
EMP0200,Support,Region_7,Master's,Female,Referral,70,24.0,79,5.0,0,72602.0,0
EMP0307,Engineering,Region_6,Master's,Male,Direct,32,27.0,50,4.0,0,89624.0,1
EMP0110,Sales,Region_1,High School,Male,Agency,92,60.0,71,4.0,0,87882.0,0
EMP0264,Engineering,Region_5,nan,Female,Agency,118,64.0,88,4.0,2,58349.0,0
EMP0265,Support,Region_2,Master's,Male,Agency,8,64.0,66,,1,54491.0,0
EMP0372,Sales,Region_7,Bachelor's,Male,Referral,25,26.0,71,4.0,0,53910.0,0
EMP0479,R&D,Region_1,Master's,Male,Agency,77,35.0,73,5.0,0,34985.0,0
EMP0742,Engineering,Region_1,Bachelor's,Male,Referral,12,27.0,44,5.0,3,137343.0,0
EMP0503,Engineering,Region_2,Bachelor's,Female,Agency,19,28.0,53,4.0,1,170397.0,0
EMP0732,Support,Region_5,Bachelor's,Male,Direct,69,33.0,43,4.0,0,115431.0,0
EMP0527,Engineering,Region_7,Bachelor's,Male,Referral,20,36.0,82,3.0,0,49026.0,0
EMP0076,Marketing,Region_1,Bachelor's,Male,Agency,64,30.0,65,2.0,0,74554.0,0
EMP0822,Sales,Region_1,Master's,Female,Agency,1,64.0,43,1.0,0,54762.0,0
EMP0806,Marketing,Region_3,Master's,Male,Referral,111,49.0,58,4.0,1,61991.0,0
EMP0082,Marketing,Region_7,Master's,Female,Referral,52,36.0,83,2.0,0,116245.0,0
EMP0367,R&D,Region_1,Master's,Male,Direct,28,38.0,44,2.0,2,71611.0,0
EMP0747,Engineering,Region_4,Master's,Male,Referral,14,34.0,99,5.0,0,48314.0,0
EMP0864,Engineering,Region_1,Master's,Female,Referral,43,36.0,99,,0,45697.0,0
EMP0215,Marketing,Region_1,PhD,Female,Agency,63,31.0,76,3.0,1,48358.0,0
EMP0328,Marketing,Region_1,Bachelor's,Female,Referral,68,50.0,93,4.0,0,38653.0,0
EMP0392,ENGINEERING,Region_7,Master's,Male,Referral,21,34.0,48,3.0,0,42659.0,0
EMP0391,R&D,Region_5,Bachelor's,Female,Referral,85,63.0,98,,0,162107.0,1
EMP0859,HR,Region_5,PhD,Female,Direct,52,39.0,86,5.0,0,113809.0,0
EMP0246,R&D,Region_2,Bachelor's,Female,Direct,79,34.0,74,3.0,0,42423.0,0
EMP0593,Sales,Region_7,Master's,Male,Direct,81,26.0,56,4.0,0,44846.0,0
EMP0986,Engineering,Region_1,Master's,Female,Agency,53,50.0,97,4.0,0,99187.0,0
EMP0112,Sales,Region_7,Bachelor's,Male,Agency,76,53.0,87,5.0,0,48505.0,0
EMP0637,Engineering,Region_5,High School,Male,Referral,60,36.0,53,4.0,0,77164.0,0
EMP0231,Support,Region_2,High School,Female,Agency,61,39.0,50,1.0,0,63855.0,0
EMP0123,Engineering,Region_4,Master's,Female,Referral,73,60.0,64,4.0,0,111174.0,0
EMP0261,Marketing,Region_3,nan,Female,Agency,66,27.0,87,2.0,0,56303.0,0
EMP0360,HR,Region_7,Bachelor's,Male,Referral,47,36.0,89,3.0,0,69770.0,0
EMP0578,R&D,Region_6,Bachelor's,Male,Agency,117,60.0,83,5.0,0,85907.0,0
EMP0017,Engineering,Region_3,Bachelor's,Male,Referral,105,51.0,51,,0,91544.0,0
EMP0894,Engineering,Region_4,nan,Female,Referral,11,37.0,92,4.0,0,50351.0,0
EMP0046,Marketing,Region_7,Bachelor's,Female,Referral,85,23.0,50,4.0,0,61198.0,0
EMP0302,ENGINEERING,Region_7,Bachelor's,Female,Referral,108,46.0,81,5.0,0,125154.0,0
EMP0701,ENGINEERING,Region_1,Master's,Male,Direct,18,58.0,99,3.0,0,63908.0,0
EMP0457,Sales,Region_2,High School,Male,Referral,118,28.0,56,5.0,0,33253.0,0
EMP0689,Support,Region_6,Bachelor's,Male,Direct,15,44.0,78,4.0,0,42346.0,1
EMP0735,Engineering,Region_3,Bachelor's,Female,Agency,104,53.0,64,,2,75737.0,0
EMP0588,Sales,Region_3,Bachelor's,Female,Agency,26,,92,3.0,0,128734.0,0
EMP0818,Engineering,Region_7,Bachelor's,Male,Direct,65,32.0,63,3.0,0,58563.0,0
EMP0740,Engineering,Region_5,High School,Female,Agency,78,40.0,51,3.0,0,83593.0,0
EMP0413,R&D,Region_2,Master's,Female,Referral,90,52.0,99,,1,53016.0,0
EMP0145,Sales,Region_6,High School,Male,Agency,106,42.0,90,,1,72062.0,0
EMP0497,HR,Region_1,Bachelor's,Female,Direct,18,,60,4.0,1,44957.0,0
EMP0344,Engineering,Region_4,Bachelor's,Female,Referral,77,46.0,76,3.0,0,77003.0,0
EMP0168,Sales,Region_2,Bachelor's,Female,Referral,78,29.0,64,3.0,0,41584.0,0
EMP0290,HR,Region_6,Master's,Male,Referral,93,42.0,93,1.0,0,64276.0,0
EMP0170,HR,Region_2,Bachelor's,Male,Referral,6,33.0,81,2.0,0,61861.0,0
EMP0009,Marketing,Region_5,High School,Male,Referral,67,25.0,49,3.0,0,151046.0,0
EMP0542,Marketing,Region_4,Bachelor's,Male,Agency,44,51.0,55,4.0,0,59281.0,0
EMP0810,Sales,Region_5,Bachelor's,Female,Referral,29,28.0,48,4.0,1,58740.0,0
EMP0866,HR,Region_1,nan,Female,Referral,72,36.0,51,4.0,0,62415.0,0
EMP0309,Support,Region_6,Bachelor's,Male,Agency,18,35.0,77,1.0,3,136633.0,0
EMP0134,Engineering,Region_1,nan,Male,Agency,89,27.0,79,,0,61140.0,0
EMP0596,Engineering,Region_7,Bachelor's,Female,Agency,92,30.0,58,,0,147923.0,0
EMP0663,Marketing,Region_1,Bachelor's,Male,Agency,12,45.0,66,3.0,0,51324.0,0
EMP0914,Engineering,Region_1,Bachelor's,Male,Direct,47,47.0,89,2.0,0,118299.0,0
EMP0396,R&D,Region_6,Master's,Male,Agency,119,58.0,41,5.0,0,106247.0,0
EMP0554,HR,Region_6,Master's,Male,Referral,31,46.0,60,2.0,0,74881.0,0
EMP0195,Engineering,Region_3,Master's,Male,Direct,47,41.0,52,,5,110905.0,0
EMP0184,Support,Region_4,Bachelor's,Male,Referral,35,34.0,73,3.0,0,73524.0,0
EMP0580,Sales,Region_3,Bachelor's,Male,Direct,107,51.0,73,2.0,0,99254.0,0
EMP0225,Sales,Region_2,Master's,Female,Agency,35,62.0,48,5.0,4,34849.0,0
EMP0787,HR,Region_7,Master's,Male,Direct,29,27.0,61,3.0,2,74235.0,0
EMP0408,Sales,Region_5,Bachelor's,Female,Referral,115,35.0,82,,0,99273.0,0
EMP0985,Marketing,Region_2,Bachelor's,Female,Referral,47,24.0,69,4.0,0,130104.0,0
EMP0713,Engineering,Region_1,High School,Female,Referral,78,31.0,53,,0,55508.0,0
EMP0906,Support,Region_5,PhD,Male,Referral,92,37.0,84,3.0,0,70110.0,0
EMP0754,Engineering,Region_1,PhD,Male,Agency,17,57.0,69,3.0,0,58173.0,0
EMP0997,R&D,Region_4,High School,Female,Direct,81,45.0,62,3.0,2,78225.0,0
EMP0010,Marketing,Region_6,High School,Female,Agency,58,38.0,97,3.0,0,95185.0,0
EMP0712,HR,Region_5,Master's,Male,Referral,22,57.0,44,4.0,0,162318.0,0
EMP0085,Engineering,Region_2,Bachelor's,Male,Agency,119,39.0,97,1.0,0,89181.0,0
EMP0156,Sales,Region_4,Bachelor's,Male,Agency,8,36.0,62,,2,111436.0,0
EMP0784,Engineering,Region_7,Master's,Female,Referral,35,22.0,42,3.0,0,62275.0,0
EMP0401,Sales,Region_3,Bachelor's,Male,Referral,76,44.0,70,1.0,1,98708.0,0
EMP0783,Sales,Region_6,High School,Male,Referral,84,62.0,71,3.0,0,50894.0,0
EMP0898,Support,Region_7,Master's,Male,Referral,19,31.0,91,,0,68460.0,0
EMP0518,Support,Region_1,Bachelor's,Male,Referral,103,35.0,58,3.0,0,43024.0,0
EMP0979,Engineering,Region_4,Bachelor's,Male,Direct,79,24.0,92,,0,99938.0,0
EMP0809,Engineering,Region_5,Bachelor's,Male,Direct,75,57.0,49,3.0,0,40548.0,0
EMP0692,Engineering,Region_2,Bachelor's,Female,Direct,28,43.0,57,4.0,0,144713.0,0
EMP0162,Marketing,Region_5,Master's,Female,Referral,90,45.0,65,3.0,0,89886.0,0
EMP0242,R&D,Region_5,Bachelor's,Male,Direct,58,56.0,46,5.0,0,71544.0,0
EMP0006,Sales,Region_5,Master's,Female,Referral,67,54.0,85,4.0,3,55326.0,0
EMP0138,Marketing,Region_3,Bachelor's,Male,Agency,22,50.0,57,3.0,0,165671.0,0
EMP0268,Marketing,Region_3,Master's,Female,Direct,43,51.0,52,3.0,0,61999.0,0
EMP0304,Marketing,Region_4,Master's,Male,Referral,93,27.0,87,1.0,0,116377.0,0
EMP0041,Sales,Region_5,Master's,Female,Referral,89,25.0,51,3.0,0,106165.0,0
